Well Position,Sequence,Plate_id
A1,ACGACGCTCTTCCGATCTNNNNNNNNGTTACTTAGCTTTTTTTTTTTTTTTTTTTTTTTTTTTTTTVN,9
A2,ACGACGCTCTTCCGATCTNNNNNNNNACCGCCGCAATTTTTTTTTTTTTTTTTTTTTTTTTTTTTTVN,9
A3,ACGACGCTCTTCCGATCTNNNNNNNNCTCAAGTCCTTTTTTTTTTTTTTTTTTTTTTTTTTTTTTTVN,9
A4,ACGACGCTCTTCCGATCTNNNNNNNNCGGTCGACTATTTTTTTTTTTTTTTTTTTTTTTTTTTTTTVN,9
A5,ACGACGCTCTTCCGATCTNNNNNNNNTTCGCCGTAATTTTTTTTTTTTTTTTTTTTTTTTTTTTTTVN,9
A6,ACGACGCTCTTCCGATCTNNNNNNNNGCTCCGCTTGTTTTTTTTTTTTTTTTTTTTTTTTTTTTTTVN,9
A7,ACGACGCTCTTCCGATCTNNNNNNNNACTTAAGATATTTTTTTTTTTTTTTTTTTTTTTTTTTTTTVN,9
A8,ACGACGCTCTTCCGATCTNNNNNNNNGGCATGGCCATTTTTTTTTTTTTTTTTTTTTTTTTTTTTTVN,9
A9,ACGACGCTCTTCCGATCTNNNNNNNNCTTCGGTATATTTTTTTTTTTTTTTTTTTTTTTTTTTTTTVN,9
A10,ACGACGCTCTTCCGATCTNNNNNNNNGAGATTCGCCTTTTTTTTTTTTTTTTTTTTTTTTTTTTTTVN,9
A11,ACGACGCTCTTCCGATCTNNNNNNNNCTAGGCCGTTTTTTTTTTTTTTTTTTTTTTTTTTTTTTTTVN,9
A12,ACGACGCTCTTCCGATCTNNNNNNNNGGCCAACGATTTTTTTTTTTTTTTTTTTTTTTTTTTTTTTVN,9
B1,ACGACGCTCTTCCGATCTNNNNNNNNACGGAACCTGTTTTTTTTTTTTTTTTTTTTTTTTTTTTTTVN,9
B2,ACGACGCTCTTCCGATCTNNNNNNNNTGATTCTCGTTTTTTTTTTTTTTTTTTTTTTTTTTTTTTTVN,9
B3,ACGACGCTCTTCCGATCTNNNNNNNNTTGCGTCAACTTTTTTTTTTTTTTTTTTTTTTTTTTTTTTVN,9
B4,ACGACGCTCTTCCGATCTNNNNNNNNGAATGCAACCTTTTTTTTTTTTTTTTTTTTTTTTTTTTTTVN,9
B5,ACGACGCTCTTCCGATCTNNNNNNNNTGCGGTTCAGTTTTTTTTTTTTTTTTTTTTTTTTTTTTTTVN,9
B6,ACGACGCTCTTCCGATCTNNNNNNNNTTGGCCAACCTTTTTTTTTTTTTTTTTTTTTTTTTTTTTTVN,9
B7,ACGACGCTCTTCCGATCTNNNNNNNNTTGGTTAAGCTTTTTTTTTTTTTTTTTTTTTTTTTTTTTTVN,9
B8,ACGACGCTCTTCCGATCTNNNNNNNNCTTAAGTTCGTTTTTTTTTTTTTTTTTTTTTTTTTTTTTTVN,9
B9,ACGACGCTCTTCCGATCTNNNNNNNNGTCCTCAGAATTTTTTTTTTTTTTTTTTTTTTTTTTTTTTVN,9
B10,ACGACGCTCTTCCGATCTNNNNNNNNGGAGTCGTCTTTTTTTTTTTTTTTTTTTTTTTTTTTTTTTVN,9
B11,ACGACGCTCTTCCGATCTNNNNNNNNGGTACCTCTATTTTTTTTTTTTTTTTTTTTTTTTTTTTTTVN,9
B12,ACGACGCTCTTCCGATCTNNNNNNNNGATCGCTGAGTTTTTTTTTTTTTTTTTTTTTTTTTTTTTTVN,9
C1,ACGACGCTCTTCCGATCTNNNNNNNNAGAGTACTCCTTTTTTTTTTTTTTTTTTTTTTTTTTTTTTVN,9
C2,ACGACGCTCTTCCGATCTNNNNNNNNTCATTCTATTTTTTTTTTTTTTTTTTTTTTTTTTTTTTTTVN,9
C3,ACGACGCTCTTCCGATCTNNNNNNNNGTTACTACCATTTTTTTTTTTTTTTTTTTTTTTTTTTTTTVN,9
C4,ACGACGCTCTTCCGATCTNNNNNNNNCCAGCTCGCCTTTTTTTTTTTTTTTTTTTTTTTTTTTTTTVN,9
C5,ACGACGCTCTTCCGATCTNNNNNNNNCGCCGGTATGTTTTTTTTTTTTTTTTTTTTTTTTTTTTTTVN,9
C6,ACGACGCTCTTCCGATCTNNNNNNNNTTAATTCGTATTTTTTTTTTTTTTTTTTTTTTTTTTTTTTVN,9
C7,ACGACGCTCTTCCGATCTNNNNNNNNGAAGGCTCCATTTTTTTTTTTTTTTTTTTTTTTTTTTTTTVN,9
C8,ACGACGCTCTTCCGATCTNNNNNNNNGAGACGTACGTTTTTTTTTTTTTTTTTTTTTTTTTTTTTTVN,9
C9,ACGACGCTCTTCCGATCTNNNNNNNNGAAGAGCCTCTTTTTTTTTTTTTTTTTTTTTTTTTTTTTTVN,9
C10,ACGACGCTCTTCCGATCTNNNNNNNNCCGATGCATATTTTTTTTTTTTTTTTTTTTTTTTTTTTTTVN,9
C11,ACGACGCTCTTCCGATCTNNNNNNNNGTAATGGTATTTTTTTTTTTTTTTTTTTTTTTTTTTTTTTVN,9
C12,ACGACGCTCTTCCGATCTNNNNNNNNTTCTATCTCATTTTTTTTTTTTTTTTTTTTTTTTTTTTTTVN,9
D1,ACGACGCTCTTCCGATCTNNNNNNNNGCAGCAGCTATTTTTTTTTTTTTTTTTTTTTTTTTTTTTTVN,9
D2,ACGACGCTCTTCCGATCTNNNNNNNNTTGCTCGATTTTTTTTTTTTTTTTTTTTTTTTTTTTTTTTVN,9
D3,ACGACGCTCTTCCGATCTNNNNNNNNCCTCATCGGCTTTTTTTTTTTTTTTTTTTTTTTTTTTTTTVN,9
D4,ACGACGCTCTTCCGATCTNNNNNNNNACTTCAGCAATTTTTTTTTTTTTTTTTTTTTTTTTTTTTTVN,9
D5,ACGACGCTCTTCCGATCTNNNNNNNNAGGTCATCCTTTTTTTTTTTTTTTTTTTTTTTTTTTTTTTVN,9
D6,ACGACGCTCTTCCGATCTNNNNNNNNAACGCGTCAGTTTTTTTTTTTTTTTTTTTTTTTTTTTTTTVN,9
D7,ACGACGCTCTTCCGATCTNNNNNNNNCTATGCTTACTTTTTTTTTTTTTTTTTTTTTTTTTTTTTTVN,9
D8,ACGACGCTCTTCCGATCTNNNNNNNNGTTGCCGTTCTTTTTTTTTTTTTTTTTTTTTTTTTTTTTTVN,9
D9,ACGACGCTCTTCCGATCTNNNNNNNNGCTTACCGCCTTTTTTTTTTTTTTTTTTTTTTTTTTTTTTVN,9
D10,ACGACGCTCTTCCGATCTNNNNNNNNTGGCAAGTCATTTTTTTTTTTTTTTTTTTTTTTTTTTTTTVN,9
D11,ACGACGCTCTTCCGATCTNNNNNNNNCATCGAAGGATTTTTTTTTTTTTTTTTTTTTTTTTTTTTTVN,9
D12,ACGACGCTCTTCCGATCTNNNNNNNNAGAATCCTCGTTTTTTTTTTTTTTTTTTTTTTTTTTTTTTVN,9
E1,ACGACGCTCTTCCGATCTNNNNNNNNGCAATCGGTTTTTTTTTTTTTTTTTTTTTTTTTTTTTTTTVN,9
E2,ACGACGCTCTTCCGATCTNNNNNNNNCCTAAGATTCTTTTTTTTTTTTTTTTTTTTTTTTTTTTTTVN,9
E3,ACGACGCTCTTCCGATCTNNNNNNNNCCTGCGCGCGTTTTTTTTTTTTTTTTTTTTTTTTTTTTTTVN,9
E4,ACGACGCTCTTCCGATCTNNNNNNNNATCAGCGCGATTTTTTTTTTTTTTTTTTTTTTTTTTTTTTVN,9
E5,ACGACGCTCTTCCGATCTNNNNNNNNGTACGATTCTTTTTTTTTTTTTTTTTTTTTTTTTTTTTTTVN,9
E6,ACGACGCTCTTCCGATCTNNNNNNNNTTACCTTGCATTTTTTTTTTTTTTTTTTTTTTTTTTTTTTVN,9
E7,ACGACGCTCTTCCGATCTNNNNNNNNCCGGCTCAGCTTTTTTTTTTTTTTTTTTTTTTTTTTTTTTVN,9
E8,ACGACGCTCTTCCGATCTNNNNNNNNTTCTGCAAGATTTTTTTTTTTTTTTTTTTTTTTTTTTTTTVN,9
E9,ACGACGCTCTTCCGATCTNNNNNNNNATATACGCTTTTTTTTTTTTTTTTTTTTTTTTTTTTTTTTVN,9
E10,ACGACGCTCTTCCGATCTNNNNNNNNCTCAGCAACCTTTTTTTTTTTTTTTTTTTTTTTTTTTTTTVN,9
E11,ACGACGCTCTTCCGATCTNNNNNNNNCAATTCTAGGTTTTTTTTTTTTTTTTTTTTTTTTTTTTTTVN,9
E12,ACGACGCTCTTCCGATCTNNNNNNNNATCAGTCTCGTTTTTTTTTTTTTTTTTTTTTTTTTTTTTTVN,9
F1,ACGACGCTCTTCCGATCTNNNNNNNNAATCCGCAACTTTTTTTTTTTTTTTTTTTTTTTTTTTTTTVN,9
F2,ACGACGCTCTTCCGATCTNNNNNNNNCGGTTACCTTTTTTTTTTTTTTTTTTTTTTTTTTTTTTTTVN,9
F3,ACGACGCTCTTCCGATCTNNNNNNNNACGTTAAGACTTTTTTTTTTTTTTTTTTTTTTTTTTTTTTVN,9
F4,ACGACGCTCTTCCGATCTNNNNNNNNCTATCCAACCTTTTTTTTTTTTTTTTTTTTTTTTTTTTTTVN,9
F5,ACGACGCTCTTCCGATCTNNNNNNNNATAAGCGAATTTTTTTTTTTTTTTTTTTTTTTTTTTTTTTVN,9
F6,ACGACGCTCTTCCGATCTNNNNNNNNCTTATATCGGTTTTTTTTTTTTTTTTTTTTTTTTTTTTTTVN,9
F7,ACGACGCTCTTCCGATCTNNNNNNNNATATGACGACTTTTTTTTTTTTTTTTTTTTTTTTTTTTTTVN,9
F8,ACGACGCTCTTCCGATCTNNNNNNNNTTACCGCATATTTTTTTTTTTTTTTTTTTTTTTTTTTTTTVN,9
F9,ACGACGCTCTTCCGATCTNNNNNNNNATTCATCGCCTTTTTTTTTTTTTTTTTTTTTTTTTTTTTTVN,9
F10,ACGACGCTCTTCCGATCTNNNNNNNNAGAAGCAGAATTTTTTTTTTTTTTTTTTTTTTTTTTTTTTVN,9
F11,ACGACGCTCTTCCGATCTNNNNNNNNGTTCGTCGTTTTTTTTTTTTTTTTTTTTTTTTTTTTTTTTVN,9
F12,ACGACGCTCTTCCGATCTNNNNNNNNCATGCTTCCATTTTTTTTTTTTTTTTTTTTTTTTTTTTTTVN,9
G1,ACGACGCTCTTCCGATCTNNNNNNNNTCGGTACCAGTTTTTTTTTTTTTTTTTTTTTTTTTTTTTTVN,9
G2,ACGACGCTCTTCCGATCTNNNNNNNNTTGAGCCAATTTTTTTTTTTTTTTTTTTTTTTTTTTTTTTVN,9
G3,ACGACGCTCTTCCGATCTNNNNNNNNAGATGACTGATTTTTTTTTTTTTTTTTTTTTTTTTTTTTTVN,9
G4,ACGACGCTCTTCCGATCTNNNNNNNNACGCTAGAAGTTTTTTTTTTTTTTTTTTTTTTTTTTTTTTVN,9
G5,ACGACGCTCTTCCGATCTNNNNNNNNGTTCAATTGCTTTTTTTTTTTTTTTTTTTTTTTTTTTTTTVN,9
G6,ACGACGCTCTTCCGATCTNNNNNNNNGGACCGTCAATTTTTTTTTTTTTTTTTTTTTTTTTTTTTTVN,9
G7,ACGACGCTCTTCCGATCTNNNNNNNNCATTAACGGATTTTTTTTTTTTTTTTTTTTTTTTTTTTTTVN,9
G8,ACGACGCTCTTCCGATCTNNNNNNNNTAAGCAGTCCTTTTTTTTTTTTTTTTTTTTTTTTTTTTTTVN,9
G9,ACGACGCTCTTCCGATCTNNNNNNNNCCGGTCAGTTTTTTTTTTTTTTTTTTTTTTTTTTTTTTTTVN,9
G10,ACGACGCTCTTCCGATCTNNNNNNNNATAACGGACTTTTTTTTTTTTTTTTTTTTTTTTTTTTTTTVN,9
G11,ACGACGCTCTTCCGATCTNNNNNNNNACGAGAAGATTTTTTTTTTTTTTTTTTTTTTTTTTTTTTTVN,9
G12,ACGACGCTCTTCCGATCTNNNNNNNNATCCTCTTAATTTTTTTTTTTTTTTTTTTTTTTTTTTTTTVN,9
H1,ACGACGCTCTTCCGATCTNNNNNNNNAATCCAATAATTTTTTTTTTTTTTTTTTTTTTTTTTTTTTVN,9
H2,ACGACGCTCTTCCGATCTNNNNNNNNCTAGCAGGATTTTTTTTTTTTTTTTTTTTTTTTTTTTTTTVN,9
H3,ACGACGCTCTTCCGATCTNNNNNNNNTGGTCTCGGATTTTTTTTTTTTTTTTTTTTTTTTTTTTTTVN,9
H4,ACGACGCTCTTCCGATCTNNNNNNNNCCGAGTACTATTTTTTTTTTTTTTTTTTTTTTTTTTTTTTVN,9
H5,ACGACGCTCTTCCGATCTNNNNNNNNGATGACGAAGTTTTTTTTTTTTTTTTTTTTTTTTTTTTTTVN,9
H6,ACGACGCTCTTCCGATCTNNNNNNNNGGCAGTCTTCTTTTTTTTTTTTTTTTTTTTTTTTTTTTTTVN,9
H7,ACGACGCTCTTCCGATCTNNNNNNNNAATACGAATATTTTTTTTTTTTTTTTTTTTTTTTTTTTTTVN,9
H8,ACGACGCTCTTCCGATCTNNNNNNNNACCTAGGAGATTTTTTTTTTTTTTTTTTTTTTTTTTTTTTVN,9
H9,ACGACGCTCTTCCGATCTNNNNNNNNGAAGCGCCAATTTTTTTTTTTTTTTTTTTTTTTTTTTTTTVN,9
H10,ACGACGCTCTTCCGATCTNNNNNNNNCGTTACGTTGTTTTTTTTTTTTTTTTTTTTTTTTTTTTTTVN,9
H11,ACGACGCTCTTCCGATCTNNNNNNNNGTCGCGAATATTTTTTTTTTTTTTTTTTTTTTTTTTTTTTVN,9
H12,ACGACGCTCTTCCGATCTNNNNNNNNTTAGAGCCTGTTTTTTTTTTTTTTTTTTTTTTTTTTTTTTVN,9
A1,ACGACGCTCTTCCGATCTNNNNNNNNACGGTCATCATTTTTTTTTTTTTTTTTTTTTTTTTTTTTTVN,10
A2,ACGACGCTCTTCCGATCTNNNNNNNNACGTAGCAGGTTTTTTTTTTTTTTTTTTTTTTTTTTTTTTVN,10
A3,ACGACGCTCTTCCGATCTNNNNNNNNCGACCGAGAGTTTTTTTTTTTTTTTTTTTTTTTTTTTTTTVN,10
A4,ACGACGCTCTTCCGATCTNNNNNNNNAAGCGGTTCTTTTTTTTTTTTTTTTTTTTTTTTTTTTTTTVN,10
A5,ACGACGCTCTTCCGATCTNNNNNNNNTCGGAATAACTTTTTTTTTTTTTTTTTTTTTTTTTTTTTTVN,10
A6,ACGACGCTCTTCCGATCTNNNNNNNNAAGTTCGCTGTTTTTTTTTTTTTTTTTTTTTTTTTTTTTTVN,10
A7,ACGACGCTCTTCCGATCTNNNNNNNNAATAATCGGTTTTTTTTTTTTTTTTTTTTTTTTTTTTTTTVN,10
A8,ACGACGCTCTTCCGATCTNNNNNNNNAGGCGAAGGCTTTTTTTTTTTTTTTTTTTTTTTTTTTTTTVN,10
A9,ACGACGCTCTTCCGATCTNNNNNNNNAAGCCGCCGCTTTTTTTTTTTTTTTTTTTTTTTTTTTTTTVN,10
A10,ACGACGCTCTTCCGATCTNNNNNNNNTCGGCCGATGTTTTTTTTTTTTTTTTTTTTTTTTTTTTTTVN,10
A11,ACGACGCTCTTCCGATCTNNNNNNNNAGCGACTGCTTTTTTTTTTTTTTTTTTTTTTTTTTTTTTTVN,10
A12,ACGACGCTCTTCCGATCTNNNNNNNNCTTAATGAGCTTTTTTTTTTTTTTTTTTTTTTTTTTTTTTVN,10
B1,ACGACGCTCTTCCGATCTNNNNNNNNAATTCCTCTCTTTTTTTTTTTTTTTTTTTTTTTTTTTTTTVN,10
B2,ACGACGCTCTTCCGATCTNNNNNNNNGCTGGTCTCCTTTTTTTTTTTTTTTTTTTTTTTTTTTTTTVN,10
B3,ACGACGCTCTTCCGATCTNNNNNNNNAGTATTGCTATTTTTTTTTTTTTTTTTTTTTTTTTTTTTTVN,10
B4,ACGACGCTCTTCCGATCTNNNNNNNNTCTAGGATAATTTTTTTTTTTTTTTTTTTTTTTTTTTTTTVN,10
B5,ACGACGCTCTTCCGATCTNNNNNNNNGGTCCTGCAATTTTTTTTTTTTTTTTTTTTTTTTTTTTTTVN,10
B6,ACGACGCTCTTCCGATCTNNNNNNNNCGCTTCAATTTTTTTTTTTTTTTTTTTTTTTTTTTTTTTTVN,10
B7,ACGACGCTCTTCCGATCTNNNNNNNNGGATTATTATTTTTTTTTTTTTTTTTTTTTTTTTTTTTTTVN,10
B8,ACGACGCTCTTCCGATCTNNNNNNNNTCCGGCTGATTTTTTTTTTTTTTTTTTTTTTTTTTTTTTTVN,10
B9,ACGACGCTCTTCCGATCTNNNNNNNNCCGCCTCGTTTTTTTTTTTTTTTTTTTTTTTTTTTTTTTTVN,10
B10,ACGACGCTCTTCCGATCTNNNNNNNNTTATAATCAATTTTTTTTTTTTTTTTTTTTTTTTTTTTTTVN,10
B11,ACGACGCTCTTCCGATCTNNNNNNNNCCATTGAACGTTTTTTTTTTTTTTTTTTTTTTTTTTTTTTVN,10
B12,ACGACGCTCTTCCGATCTNNNNNNNNACTCCAACGGTTTTTTTTTTTTTTTTTTTTTTTTTTTTTTVN,10
C1,ACGACGCTCTTCCGATCTNNNNNNNNACCTCCTGAATTTTTTTTTTTTTTTTTTTTTTTTTTTTTTVN,10
C2,ACGACGCTCTTCCGATCTNNNNNNNNAGAGGCCGGCTTTTTTTTTTTTTTTTTTTTTTTTTTTTTTVN,10
C3,ACGACGCTCTTCCGATCTNNNNNNNNCTGCCTCTTCTTTTTTTTTTTTTTTTTTTTTTTTTTTTTTVN,10
C4,ACGACGCTCTTCCGATCTNNNNNNNNCAGTATCCTTTTTTTTTTTTTTTTTTTTTTTTTTTTTTTTVN,10
C5,ACGACGCTCTTCCGATCTNNNNNNNNGTCAACTAGCTTTTTTTTTTTTTTTTTTTTTTTTTTTTTTVN,10
C6,ACGACGCTCTTCCGATCTNNNNNNNNTGACGCAGTCTTTTTTTTTTTTTTTTTTTTTTTTTTTTTTVN,10
C7,ACGACGCTCTTCCGATCTNNNNNNNNGTCAATACGATTTTTTTTTTTTTTTTTTTTTTTTTTTTTTVN,10
C8,ACGACGCTCTTCCGATCTNNNNNNNNTGAACTTCGATTTTTTTTTTTTTTTTTTTTTTTTTTTTTTVN,10
C9,ACGACGCTCTTCCGATCTNNNNNNNNCGTACCAACGTTTTTTTTTTTTTTTTTTTTTTTTTTTTTTVN,10
C10,ACGACGCTCTTCCGATCTNNNNNNNNAGAGATGAATTTTTTTTTTTTTTTTTTTTTTTTTTTTTTTVN,10
C11,ACGACGCTCTTCCGATCTNNNNNNNNTATTCCAATTTTTTTTTTTTTTTTTTTTTTTTTTTTTTTTVN,10
C12,ACGACGCTCTTCCGATCTNNNNNNNNGGATGCGATTTTTTTTTTTTTTTTTTTTTTTTTTTTTTTTVN,10
D1,ACGACGCTCTTCCGATCTNNNNNNNNGTAACCAGGTTTTTTTTTTTTTTTTTTTTTTTTTTTTTTTVN,10
D2,ACGACGCTCTTCCGATCTNNNNNNNNCCTCGTCATATTTTTTTTTTTTTTTTTTTTTTTTTTTTTTVN,10
D3,ACGACGCTCTTCCGATCTNNNNNNNNAATGGTCTTATTTTTTTTTTTTTTTTTTTTTTTTTTTTTTVN,10
D4,ACGACGCTCTTCCGATCTNNNNNNNNATGAATGCCTTTTTTTTTTTTTTTTTTTTTTTTTTTTTTTVN,10
D5,ACGACGCTCTTCCGATCTNNNNNNNNGTCCGTAGATTTTTTTTTTTTTTTTTTTTTTTTTTTTTTTVN,10
D6,ACGACGCTCTTCCGATCTNNNNNNNNCCATCCTAGTTTTTTTTTTTTTTTTTTTTTTTTTTTTTTTVN,10
D7,ACGACGCTCTTCCGATCTNNNNNNNNTGGTTCCTACTTTTTTTTTTTTTTTTTTTTTTTTTTTTTTVN,10
D8,ACGACGCTCTTCCGATCTNNNNNNNNGCGCCTTCCGTTTTTTTTTTTTTTTTTTTTTTTTTTTTTTVN,10
D9,ACGACGCTCTTCCGATCTNNNNNNNNCGTACTACGCTTTTTTTTTTTTTTTTTTTTTTTTTTTTTTVN,10
D10,ACGACGCTCTTCCGATCTNNNNNNNNGGCCGCGGTTTTTTTTTTTTTTTTTTTTTTTTTTTTTTTTVN,10
D11,ACGACGCTCTTCCGATCTNNNNNNNNTGGATAGTTGTTTTTTTTTTTTTTTTTTTTTTTTTTTTTTVN,10
D12,ACGACGCTCTTCCGATCTNNNNNNNNCGGCGCCAGGTTTTTTTTTTTTTTTTTTTTTTTTTTTTTTVN,10
E1,ACGACGCTCTTCCGATCTNNNNNNNNCAAGCTCAGGTTTTTTTTTTTTTTTTTTTTTTTTTTTTTTVN,10
E2,ACGACGCTCTTCCGATCTNNNNNNNNATCATCCTTCTTTTTTTTTTTTTTTTTTTTTTTTTTTTTTVN,10
E3,ACGACGCTCTTCCGATCTNNNNNNNNCCTCCGGAGTTTTTTTTTTTTTTTTTTTTTTTTTTTTTTTVN,10
E4,ACGACGCTCTTCCGATCTNNNNNNNNCCATTGCTGGTTTTTTTTTTTTTTTTTTTTTTTTTTTTTTVN,10
E5,ACGACGCTCTTCCGATCTNNNNNNNNTATTCGCAGTTTTTTTTTTTTTTTTTTTTTTTTTTTTTTTVN,10
E6,ACGACGCTCTTCCGATCTNNNNNNNNCCGGTTAAGTTTTTTTTTTTTTTTTTTTTTTTTTTTTTTTVN,10
E7,ACGACGCTCTTCCGATCTNNNNNNNNATATTCTACCTTTTTTTTTTTTTTTTTTTTTTTTTTTTTTVN,10
E8,ACGACGCTCTTCCGATCTNNNNNNNNTACGGATCGTTTTTTTTTTTTTTTTTTTTTTTTTTTTTTTVN,10
E9,ACGACGCTCTTCCGATCTNNNNNNNNTTCTCTCCAGTTTTTTTTTTTTTTTTTTTTTTTTTTTTTTVN,10
E10,ACGACGCTCTTCCGATCTNNNNNNNNCCAAGAGCAATTTTTTTTTTTTTTTTTTTTTTTTTTTTTTVN,10
E11,ACGACGCTCTTCCGATCTNNNNNNNNTTGGTTCGAGTTTTTTTTTTTTTTTTTTTTTTTTTTTTTTVN,10
E12,ACGACGCTCTTCCGATCTNNNNNNNNAACGGATTACTTTTTTTTTTTTTTTTTTTTTTTTTTTTTTVN,10
F1,ACGACGCTCTTCCGATCTNNNNNNNNCATCTTCAGATTTTTTTTTTTTTTTTTTTTTTTTTTTTTTVN,10
F2,ACGACGCTCTTCCGATCTNNNNNNNNTTGAACCTCCTTTTTTTTTTTTTTTTTTTTTTTTTTTTTTVN,10
F3,ACGACGCTCTTCCGATCTNNNNNNNNGGAATTCCAATTTTTTTTTTTTTTTTTTTTTTTTTTTTTTVN,10
F4,ACGACGCTCTTCCGATCTNNNNNNNNATAGGTCCAATTTTTTTTTTTTTTTTTTTTTTTTTTTTTTVN,10
F5,ACGACGCTCTTCCGATCTNNNNNNNNGCCATGGTACTTTTTTTTTTTTTTTTTTTTTTTTTTTTTTVN,10
F6,ACGACGCTCTTCCGATCTNNNNNNNNGAGCTCTTCATTTTTTTTTTTTTTTTTTTTTTTTTTTTTTVN,10
F7,ACGACGCTCTTCCGATCTNNNNNNNNCCGAGGCAACTTTTTTTTTTTTTTTTTTTTTTTTTTTTTTVN,10
F8,ACGACGCTCTTCCGATCTNNNNNNNNGTCTCTAGTTTTTTTTTTTTTTTTTTTTTTTTTTTTTTTTVN,10
F9,ACGACGCTCTTCCGATCTNNNNNNNNGCTGGTTATATTTTTTTTTTTTTTTTTTTTTTTTTTTTTTVN,10
F10,ACGACGCTCTTCCGATCTNNNNNNNNTCGTAGGTCATTTTTTTTTTTTTTTTTTTTTTTTTTTTTTVN,10
F11,ACGACGCTCTTCCGATCTNNNNNNNNAACTCAGACGTTTTTTTTTTTTTTTTTTTTTTTTTTTTTTVN,10
F12,ACGACGCTCTTCCGATCTNNNNNNNNTGCTGCCGGATTTTTTTTTTTTTTTTTTTTTTTTTTTTTTVN,10
G1,ACGACGCTCTTCCGATCTNNNNNNNNTGGAGGCAAGTTTTTTTTTTTTTTTTTTTTTTTTTTTTTTVN,10
G2,ACGACGCTCTTCCGATCTNNNNNNNNACTGATGCGATTTTTTTTTTTTTTTTTTTTTTTTTTTTTTVN,10
G3,ACGACGCTCTTCCGATCTNNNNNNNNACGACTCCTCTTTTTTTTTTTTTTTTTTTTTTTTTTTTTTVN,10
G4,ACGACGCTCTTCCGATCTNNNNNNNNTGGCAGCGAATTTTTTTTTTTTTTTTTTTTTTTTTTTTTTVN,10
G5,ACGACGCTCTTCCGATCTNNNNNNNNCCGATACTCTTTTTTTTTTTTTTTTTTTTTTTTTTTTTTTVN,10
G6,ACGACGCTCTTCCGATCTNNNNNNNNCAATATAGGCTTTTTTTTTTTTTTTTTTTTTTTTTTTTTTVN,10
G7,ACGACGCTCTTCCGATCTNNNNNNNNACCGGCCGACTTTTTTTTTTTTTTTTTTTTTTTTTTTTTTVN,10
G8,ACGACGCTCTTCCGATCTNNNNNNNNAATAAGGCTCTTTTTTTTTTTTTTTTTTTTTTTTTTTTTTVN,10
G9,ACGACGCTCTTCCGATCTNNNNNNNNCATCATAGCATTTTTTTTTTTTTTTTTTTTTTTTTTTTTTVN,10
G10,ACGACGCTCTTCCGATCTNNNNNNNNGATGATCCATTTTTTTTTTTTTTTTTTTTTTTTTTTTTTTVN,10
G11,ACGACGCTCTTCCGATCTNNNNNNNNATGGCAATACTTTTTTTTTTTTTTTTTTTTTTTTTTTTTTVN,10
G12,ACGACGCTCTTCCGATCTNNNNNNNNACCAGAACCATTTTTTTTTTTTTTTTTTTTTTTTTTTTTTVN,10
H1,ACGACGCTCTTCCGATCTNNNNNNNNGGTTCGACCTTTTTTTTTTTTTTTTTTTTTTTTTTTTTTTVN,10
H2,ACGACGCTCTTCCGATCTNNNNNNNNCTTGGACGGATTTTTTTTTTTTTTTTTTTTTTTTTTTTTTVN,10
H3,ACGACGCTCTTCCGATCTNNNNNNNNCGGTCTCATATTTTTTTTTTTTTTTTTTTTTTTTTTTTTTVN,10
H4,ACGACGCTCTTCCGATCTNNNNNNNNAATCAGAGCCTTTTTTTTTTTTTTTTTTTTTTTTTTTTTTVN,10
H5,ACGACGCTCTTCCGATCTNNNNNNNNCCTGAATACTTTTTTTTTTTTTTTTTTTTTTTTTTTTTTTVN,10
H6,ACGACGCTCTTCCGATCTNNNNNNNNCTTGGAGACTTTTTTTTTTTTTTTTTTTTTTTTTTTTTTTVN,10
H7,ACGACGCTCTTCCGATCTNNNNNNNNAAGACCTTACTTTTTTTTTTTTTTTTTTTTTTTTTTTTTTVN,10
H8,ACGACGCTCTTCCGATCTNNNNNNNNGCGAGCGCTCTTTTTTTTTTTTTTTTTTTTTTTTTTTTTTVN,10
H9,ACGACGCTCTTCCGATCTNNNNNNNNTCGCAAGACGTTTTTTTTTTTTTTTTTTTTTTTTTTTTTTVN,10
H10,ACGACGCTCTTCCGATCTNNNNNNNNCAATCTCGGATTTTTTTTTTTTTTTTTTTTTTTTTTTTTTVN,10
H11,ACGACGCTCTTCCGATCTNNNNNNNNTCGACCTACCTTTTTTTTTTTTTTTTTTTTTTTTTTTTTTVN,10
H12,ACGACGCTCTTCCGATCTNNNNNNNNTTATAGGCATTTTTTTTTTTTTTTTTTTTTTTTTTTTTTTVN,10
A1,ACGACGCTCTTCCGATCTNNNNNNNNTTCTGGCCTATTTTTTTTTTTTTTTTTTTTTTTTTTTTTTVN,11
A2,ACGACGCTCTTCCGATCTNNNNNNNNAATTGGCGATTTTTTTTTTTTTTTTTTTTTTTTTTTTTTTVN,11
A3,ACGACGCTCTTCCGATCTNNNNNNNNAGGCAACCGCTTTTTTTTTTTTTTTTTTTTTTTTTTTTTTVN,11
A4,ACGACGCTCTTCCGATCTNNNNNNNNACGCAATGATTTTTTTTTTTTTTTTTTTTTTTTTTTTTTTVN,11
A5,ACGACGCTCTTCCGATCTNNNNNNNNACTCGTTACTTTTTTTTTTTTTTTTTTTTTTTTTTTTTTTVN,11
A6,ACGACGCTCTTCCGATCTNNNNNNNNCAAGTCAGCATTTTTTTTTTTTTTTTTTTTTTTTTTTTTTVN,11
A7,ACGACGCTCTTCCGATCTNNNNNNNNGGTACGGATATTTTTTTTTTTTTTTTTTTTTTTTTTTTTTVN,11
A8,ACGACGCTCTTCCGATCTNNNNNNNNCTCAATGGTCTTTTTTTTTTTTTTTTTTTTTTTTTTTTTTVN,11
A9,ACGACGCTCTTCCGATCTNNNNNNNNACTCCGAAGATTTTTTTTTTTTTTTTTTTTTTTTTTTTTTVN,11
A10,ACGACGCTCTTCCGATCTNNNNNNNNAATCCAAGGCTTTTTTTTTTTTTTTTTTTTTTTTTTTTTTVN,11
A11,ACGACGCTCTTCCGATCTNNNNNNNNCGTCCATCGCTTTTTTTTTTTTTTTTTTTTTTTTTTTTTTVN,11
A12,ACGACGCTCTTCCGATCTNNNNNNNNTTAGGTACGATTTTTTTTTTTTTTTTTTTTTTTTTTTTTTVN,11
B1,ACGACGCTCTTCCGATCTNNNNNNNNCTTACCATCTTTTTTTTTTTTTTTTTTTTTTTTTTTTTTTVN,11
B2,ACGACGCTCTTCCGATCTNNNNNNNNCGAGATAAGATTTTTTTTTTTTTTTTTTTTTTTTTTTTTTVN,11
B3,ACGACGCTCTTCCGATCTNNNNNNNNCGATCTTCTATTTTTTTTTTTTTTTTTTTTTTTTTTTTTTVN,11
B4,ACGACGCTCTTCCGATCTNNNNNNNNGTTCCGATCCTTTTTTTTTTTTTTTTTTTTTTTTTTTTTTVN,11
B5,ACGACGCTCTTCCGATCTNNNNNNNNGCCATAAGAATTTTTTTTTTTTTTTTTTTTTTTTTTTTTTVN,11
B6,ACGACGCTCTTCCGATCTNNNNNNNNAGATTCATAATTTTTTTTTTTTTTTTTTTTTTTTTTTTTTVN,11
B7,ACGACGCTCTTCCGATCTNNNNNNNNCAGAGCGTCATTTTTTTTTTTTTTTTTTTTTTTTTTTTTTVN,11
B8,ACGACGCTCTTCCGATCTNNNNNNNNGAGGAGCCAGTTTTTTTTTTTTTTTTTTTTTTTTTTTTTTVN,11
B9,ACGACGCTCTTCCGATCTNNNNNNNNATGAGGATCCTTTTTTTTTTTTTTTTTTTTTTTTTTTTTTVN,11
B10,ACGACGCTCTTCCGATCTNNNNNNNNCGGCGCTCAATTTTTTTTTTTTTTTTTTTTTTTTTTTTTTVN,11
B11,ACGACGCTCTTCCGATCTNNNNNNNNCCTTACGTCATTTTTTTTTTTTTTTTTTTTTTTTTTTTTTVN,11
B12,ACGACGCTCTTCCGATCTNNNNNNNNTTCTCAGTCATTTTTTTTTTTTTTTTTTTTTTTTTTTTTTVN,11
C1,ACGACGCTCTTCCGATCTNNNNNNNNATAGGAGCTTTTTTTTTTTTTTTTTTTTTTTTTTTTTTTTVN,11
C2,ACGACGCTCTTCCGATCTNNNNNNNNTAGCCGACTCTTTTTTTTTTTTTTTTTTTTTTTTTTTTTTVN,11
C3,ACGACGCTCTTCCGATCTNNNNNNNNAAGAACTCCGTTTTTTTTTTTTTTTTTTTTTTTTTTTTTTVN,11
C4,ACGACGCTCTTCCGATCTNNNNNNNNCTTGAGACCGTTTTTTTTTTTTTTTTTTTTTTTTTTTTTTVN,11
C5,ACGACGCTCTTCCGATCTNNNNNNNNAACGCCATACTTTTTTTTTTTTTTTTTTTTTTTTTTTTTTVN,11
C6,ACGACGCTCTTCCGATCTNNNNNNNNCCTACTCAACTTTTTTTTTTTTTTTTTTTTTTTTTTTTTTVN,11
C7,ACGACGCTCTTCCGATCTNNNNNNNNTCTAGCCTCCTTTTTTTTTTTTTTTTTTTTTTTTTTTTTTVN,11
C8,ACGACGCTCTTCCGATCTNNNNNNNNCGCTTAGATCTTTTTTTTTTTTTTTTTTTTTTTTTTTTTTVN,11
C9,ACGACGCTCTTCCGATCTNNNNNNNNGCTTAATCATTTTTTTTTTTTTTTTTTTTTTTTTTTTTTTVN,11
C10,ACGACGCTCTTCCGATCTNNNNNNNNAGCAGGTCAATTTTTTTTTTTTTTTTTTTTTTTTTTTTTTVN,11
C11,ACGACGCTCTTCCGATCTNNNNNNNNCCGCTTATAATTTTTTTTTTTTTTTTTTTTTTTTTTTTTTVN,11
C12,ACGACGCTCTTCCGATCTNNNNNNNNCCTAATGGAATTTTTTTTTTTTTTTTTTTTTTTTTTTTTTVN,11
D1,ACGACGCTCTTCCGATCTNNNNNNNNCATTGGTTCCTTTTTTTTTTTTTTTTTTTTTTTTTTTTTTVN,11
D2,ACGACGCTCTTCCGATCTNNNNNNNNACCAGTTATTTTTTTTTTTTTTTTTTTTTTTTTTTTTTTTVN,11
D3,ACGACGCTCTTCCGATCTNNNNNNNNGACTCGCTTATTTTTTTTTTTTTTTTTTTTTTTTTTTTTTVN,11
D4,ACGACGCTCTTCCGATCTNNNNNNNNAATTGCTCCGTTTTTTTTTTTTTTTTTTTTTTTTTTTTTTVN,11
D5,ACGACGCTCTTCCGATCTNNNNNNNNTGCGAATGCCTTTTTTTTTTTTTTTTTTTTTTTTTTTTTTVN,11
D6,ACGACGCTCTTCCGATCTNNNNNNNNTGCCTCCAGCTTTTTTTTTTTTTTTTTTTTTTTTTTTTTTVN,11
D7,ACGACGCTCTTCCGATCTNNNNNNNNTTAGGCTTGATTTTTTTTTTTTTTTTTTTTTTTTTTTTTTVN,11
D8,ACGACGCTCTTCCGATCTNNNNNNNNACTCTGAGCTTTTTTTTTTTTTTTTTTTTTTTTTTTTTTTVN,11
D9,ACGACGCTCTTCCGATCTNNNNNNNNTTCGAACGACTTTTTTTTTTTTTTTTTTTTTTTTTTTTTTVN,11
D10,ACGACGCTCTTCCGATCTNNNNNNNNTACTGCTCGGTTTTTTTTTTTTTTTTTTTTTTTTTTTTTTVN,11
D11,ACGACGCTCTTCCGATCTNNNNNNNNTCTAGAAGACTTTTTTTTTTTTTTTTTTTTTTTTTTTTTTVN,11
D12,ACGACGCTCTTCCGATCTNNNNNNNNTATTGGAATATTTTTTTTTTTTTTTTTTTTTTTTTTTTTTVN,11
E1,ACGACGCTCTTCCGATCTNNNNNNNNAAGATATCAATTTTTTTTTTTTTTTTTTTTTTTTTTTTTTVN,11
E2,ACGACGCTCTTCCGATCTNNNNNNNNAGTCCATGGTTTTTTTTTTTTTTTTTTTTTTTTTTTTTTTVN,11
E3,ACGACGCTCTTCCGATCTNNNNNNNNGGTTGAATACTTTTTTTTTTTTTTTTTTTTTTTTTTTTTTVN,11
E4,ACGACGCTCTTCCGATCTNNNNNNNNCTAGCGATGGTTTTTTTTTTTTTTTTTTTTTTTTTTTTTTVN,11
E5,ACGACGCTCTTCCGATCTNNNNNNNNCCAATACGCCTTTTTTTTTTTTTTTTTTTTTTTTTTTTTTVN,11
E6,ACGACGCTCTTCCGATCTNNNNNNNNGAGATACCTCTTTTTTTTTTTTTTTTTTTTTTTTTTTTTTVN,11
E7,ACGACGCTCTTCCGATCTNNNNNNNNGCTCAGGAGCTTTTTTTTTTTTTTTTTTTTTTTTTTTTTTVN,11
E8,ACGACGCTCTTCCGATCTNNNNNNNNACTAGTTGCATTTTTTTTTTTTTTTTTTTTTTTTTTTTTTVN,11
E9,ACGACGCTCTTCCGATCTNNNNNNNNCCGCTATCCATTTTTTTTTTTTTTTTTTTTTTTTTTTTTTVN,11
E10,ACGACGCTCTTCCGATCTNNNNNNNNATGCAACTTATTTTTTTTTTTTTTTTTTTTTTTTTTTTTTVN,11
E11,ACGACGCTCTTCCGATCTNNNNNNNNAGGACCAAGTTTTTTTTTTTTTTTTTTTTTTTTTTTTTTTVN,11
E12,ACGACGCTCTTCCGATCTNNNNNNNNGGCGTCCTCATTTTTTTTTTTTTTTTTTTTTTTTTTTTTTVN,11
F1,ACGACGCTCTTCCGATCTNNNNNNNNGGAAGCTCGCTTTTTTTTTTTTTTTTTTTTTTTTTTTTTTVN,11
F2,ACGACGCTCTTCCGATCTNNNNNNNNAATCGTTATATTTTTTTTTTTTTTTTTTTTTTTTTTTTTTVN,11
F3,ACGACGCTCTTCCGATCTNNNNNNNNCCGAGAGAGGTTTTTTTTTTTTTTTTTTTTTTTTTTTTTTVN,11
F4,ACGACGCTCTTCCGATCTNNNNNNNNGAGGAACTCATTTTTTTTTTTTTTTTTTTTTTTTTTTTTTVN,11
F5,ACGACGCTCTTCCGATCTNNNNNNNNGGTCTGAGCATTTTTTTTTTTTTTTTTTTTTTTTTTTTTTVN,11
F6,ACGACGCTCTTCCGATCTNNNNNNNNACCATTAAGCTTTTTTTTTTTTTTTTTTTTTTTTTTTTTTVN,11
F7,ACGACGCTCTTCCGATCTNNNNNNNNAACTCTACCATTTTTTTTTTTTTTTTTTTTTTTTTTTTTTVN,11
F8,ACGACGCTCTTCCGATCTNNNNNNNNTGCTCAACTCTTTTTTTTTTTTTTTTTTTTTTTTTTTTTTVN,11
F9,ACGACGCTCTTCCGATCTNNNNNNNNCCGGCAGCCTTTTTTTTTTTTTTTTTTTTTTTTTTTTTTTVN,11
F10,ACGACGCTCTTCCGATCTNNNNNNNNCTCGCGACCATTTTTTTTTTTTTTTTTTTTTTTTTTTTTTVN,11
F11,ACGACGCTCTTCCGATCTNNNNNNNNTGGACCTTAGTTTTTTTTTTTTTTTTTTTTTTTTTTTTTTVN,11
F12,ACGACGCTCTTCCGATCTNNNNNNNNGGAATGACCGTTTTTTTTTTTTTTTTTTTTTTTTTTTTTTVN,11
G1,ACGACGCTCTTCCGATCTNNNNNNNNCAGTATGATGTTTTTTTTTTTTTTTTTTTTTTTTTTTTTTVN,11
G2,ACGACGCTCTTCCGATCTNNNNNNNNCTCATGAATATTTTTTTTTTTTTTTTTTTTTTTTTTTTTTVN,11
G3,ACGACGCTCTTCCGATCTNNNNNNNNCTGCGTAGTATTTTTTTTTTTTTTTTTTTTTTTTTTTTTTVN,11
G4,ACGACGCTCTTCCGATCTNNNNNNNNGGAGCAACCTTTTTTTTTTTTTTTTTTTTTTTTTTTTTTTVN,11
G5,ACGACGCTCTTCCGATCTNNNNNNNNTCAGTAATACTTTTTTTTTTTTTTTTTTTTTTTTTTTTTTVN,11
G6,ACGACGCTCTTCCGATCTNNNNNNNNGACGCTGCATTTTTTTTTTTTTTTTTTTTTTTTTTTTTTTVN,11
G7,ACGACGCTCTTCCGATCTNNNNNNNNATCTCCAGCTTTTTTTTTTTTTTTTTTTTTTTTTTTTTTTVN,11
G8,ACGACGCTCTTCCGATCTNNNNNNNNTTAGAACTGCTTTTTTTTTTTTTTTTTTTTTTTTTTTTTTVN,11
G9,ACGACGCTCTTCCGATCTNNNNNNNNCCGTAACGCCTTTTTTTTTTTTTTTTTTTTTTTTTTTTTTVN,11
G10,ACGACGCTCTTCCGATCTNNNNNNNNGACTATACCTTTTTTTTTTTTTTTTTTTTTTTTTTTTTTTVN,11
G11,ACGACGCTCTTCCGATCTNNNNNNNNTGCGAGAGGTTTTTTTTTTTTTTTTTTTTTTTTTTTTTTTVN,11
G12,ACGACGCTCTTCCGATCTNNNNNNNNATAGGCCTCATTTTTTTTTTTTTTTTTTTTTTTTTTTTTTVN,11
H1,ACGACGCTCTTCCGATCTNNNNNNNNTCAATTCAACTTTTTTTTTTTTTTTTTTTTTTTTTTTTTTVN,11
H2,ACGACGCTCTTCCGATCTNNNNNNNNGGCTACCTGGTTTTTTTTTTTTTTTTTTTTTTTTTTTTTTVN,11
H3,ACGACGCTCTTCCGATCTNNNNNNNNCTTCTTGAACTTTTTTTTTTTTTTTTTTTTTTTTTTTTTTVN,11
H4,ACGACGCTCTTCCGATCTNNNNNNNNTTACGCAGCATTTTTTTTTTTTTTTTTTTTTTTTTTTTTTVN,11
H5,ACGACGCTCTTCCGATCTNNNNNNNNATAACCGCCATTTTTTTTTTTTTTTTTTTTTTTTTTTTTTVN,11
H6,ACGACGCTCTTCCGATCTNNNNNNNNCCAGTCGAATTTTTTTTTTTTTTTTTTTTTTTTTTTTTTTVN,11
H7,ACGACGCTCTTCCGATCTNNNNNNNNTAACCAACTATTTTTTTTTTTTTTTTTTTTTTTTTTTTTTVN,11
H8,ACGACGCTCTTCCGATCTNNNNNNNNTAGCTGGCGATTTTTTTTTTTTTTTTTTTTTTTTTTTTTTVN,11
H9,ACGACGCTCTTCCGATCTNNNNNNNNCAATGACTTGTTTTTTTTTTTTTTTTTTTTTTTTTTTTTTVN,11
H10,ACGACGCTCTTCCGATCTNNNNNNNNCTCTGCGATCTTTTTTTTTTTTTTTTTTTTTTTTTTTTTTVN,11
H11,ACGACGCTCTTCCGATCTNNNNNNNNGCATACCAATTTTTTTTTTTTTTTTTTTTTTTTTTTTTTTVN,11
H12,ACGACGCTCTTCCGATCTNNNNNNNNACCTGATAGGTTTTTTTTTTTTTTTTTTTTTTTTTTTTTTVN,11
A1,ACGACGCTCTTCCGATCTNNNNNNNNATGGTTACCGTTTTTTTTTTTTTTTTTTTTTTTTTTTTTTVN,12
A2,ACGACGCTCTTCCGATCTNNNNNNNNCTTAGGTTATTTTTTTTTTTTTTTTTTTTTTTTTTTTTTTVN,12
A3,ACGACGCTCTTCCGATCTNNNNNNNNCGCCTTAGCCTTTTTTTTTTTTTTTTTTTTTTTTTTTTTTVN,12
A4,ACGACGCTCTTCCGATCTNNNNNNNNACGTAACGTATTTTTTTTTTTTTTTTTTTTTTTTTTTTTTVN,12
A5,ACGACGCTCTTCCGATCTNNNNNNNNTTATTCTCTATTTTTTTTTTTTTTTTTTTTTTTTTTTTTTVN,12
A6,ACGACGCTCTTCCGATCTNNNNNNNNGCATAGTATATTTTTTTTTTTTTTTTTTTTTTTTTTTTTTVN,12
A7,ACGACGCTCTTCCGATCTNNNNNNNNCATGCGCATATTTTTTTTTTTTTTTTTTTTTTTTTTTTTTVN,12
A8,ACGACGCTCTTCCGATCTNNNNNNNNGTACCAATTCTTTTTTTTTTTTTTTTTTTTTTTTTTTTTTVN,12
A9,ACGACGCTCTTCCGATCTNNNNNNNNAACGAGATCATTTTTTTTTTTTTTTTTTTTTTTTTTTTTTVN,12
A10,ACGACGCTCTTCCGATCTNNNNNNNNTCTCGATTAATTTTTTTTTTTTTTTTTTTTTTTTTTTTTTVN,12
A11,ACGACGCTCTTCCGATCTNNNNNNNNCGTCGACCGGTTTTTTTTTTTTTTTTTTTTTTTTTTTTTTVN,12
A12,ACGACGCTCTTCCGATCTNNNNNNNNGTTGATAGCTTTTTTTTTTTTTTTTTTTTTTTTTTTTTTTVN,12
B1,ACGACGCTCTTCCGATCTNNNNNNNNCAGCGTTGGTTTTTTTTTTTTTTTTTTTTTTTTTTTTTTTVN,12
B2,ACGACGCTCTTCCGATCTNNNNNNNNATCGGCATTGTTTTTTTTTTTTTTTTTTTTTTTTTTTTTTVN,12
B3,ACGACGCTCTTCCGATCTNNNNNNNNGGTAGTCCTATTTTTTTTTTTTTTTTTTTTTTTTTTTTTTVN,12
B4,ACGACGCTCTTCCGATCTNNNNNNNNTAGCATCGCGTTTTTTTTTTTTTTTTTTTTTTTTTTTTTTVN,12
B5,ACGACGCTCTTCCGATCTNNNNNNNNACTGGTAACCTTTTTTTTTTTTTTTTTTTTTTTTTTTTTTVN,12
B6,ACGACGCTCTTCCGATCTNNNNNNNNTCTACTGACCTTTTTTTTTTTTTTTTTTTTTTTTTTTTTTVN,12
B7,ACGACGCTCTTCCGATCTNNNNNNNNCAAGAGTTATTTTTTTTTTTTTTTTTTTTTTTTTTTTTTTVN,12
B8,ACGACGCTCTTCCGATCTNNNNNNNNCAATTAGGAATTTTTTTTTTTTTTTTTTTTTTTTTTTTTTVN,12
B9,ACGACGCTCTTCCGATCTNNNNNNNNTTGCGGAACCTTTTTTTTTTTTTTTTTTTTTTTTTTTTTTVN,12
B10,ACGACGCTCTTCCGATCTNNNNNNNNAGCCGAAGTATTTTTTTTTTTTTTTTTTTTTTTTTTTTTTVN,12
B11,ACGACGCTCTTCCGATCTNNNNNNNNGGTCCGTACGTTTTTTTTTTTTTTTTTTTTTTTTTTTTTTVN,12
B12,ACGACGCTCTTCCGATCTNNNNNNNNAGCATGCAAGTTTTTTTTTTTTTTTTTTTTTTTTTTTTTTVN,12
C1,ACGACGCTCTTCCGATCTNNNNNNNNTCTTCGTTGCTTTTTTTTTTTTTTTTTTTTTTTTTTTTTTVN,12
C2,ACGACGCTCTTCCGATCTNNNNNNNNGTTGGAAGAATTTTTTTTTTTTTTTTTTTTTTTTTTTTTTVN,12
C3,ACGACGCTCTTCCGATCTNNNNNNNNGGAATACGGATTTTTTTTTTTTTTTTTTTTTTTTTTTTTTVN,12
C4,ACGACGCTCTTCCGATCTNNNNNNNNACCGACGGTATTTTTTTTTTTTTTTTTTTTTTTTTTTTTTVN,12
C5,ACGACGCTCTTCCGATCTNNNNNNNNATACTTGATTTTTTTTTTTTTTTTTTTTTTTTTTTTTTTTVN,12
C6,ACGACGCTCTTCCGATCTNNNNNNNNGTCGTTCGCCTTTTTTTTTTTTTTTTTTTTTTTTTTTTTTVN,12
C7,ACGACGCTCTTCCGATCTNNNNNNNNAATGATTGCATTTTTTTTTTTTTTTTTTTTTTTTTTTTTTVN,12
C8,ACGACGCTCTTCCGATCTNNNNNNNNCCATTAGCAGTTTTTTTTTTTTTTTTTTTTTTTTTTTTTTVN,12
C9,ACGACGCTCTTCCGATCTNNNNNNNNCTGACTAATGTTTTTTTTTTTTTTTTTTTTTTTTTTTTTTVN,12
C10,ACGACGCTCTTCCGATCTNNNNNNNNCCTTACGGACTTTTTTTTTTTTTTTTTTTTTTTTTTTTTTVN,12
C11,ACGACGCTCTTCCGATCTNNNNNNNNCGCATAACTATTTTTTTTTTTTTTTTTTTTTTTTTTTTTTVN,12
C12,ACGACGCTCTTCCGATCTNNNNNNNNAACCGGAGGATTTTTTTTTTTTTTTTTTTTTTTTTTTTTTVN,12
D1,ACGACGCTCTTCCGATCTNNNNNNNNAATGCAGCGGTTTTTTTTTTTTTTTTTTTTTTTTTTTTTTVN,12
D2,ACGACGCTCTTCCGATCTNNNNNNNNCAGTCGGCAATTTTTTTTTTTTTTTTTTTTTTTTTTTTTTVN,12
D3,ACGACGCTCTTCCGATCTNNNNNNNNATAGAATCCATTTTTTTTTTTTTTTTTTTTTTTTTTTTTTVN,12
D4,ACGACGCTCTTCCGATCTNNNNNNNNTCTCAGATATTTTTTTTTTTTTTTTTTTTTTTTTTTTTTTVN,12
D5,ACGACGCTCTTCCGATCTNNNNNNNNACGAAGTATTTTTTTTTTTTTTTTTTTTTTTTTTTTTTTTVN,12
D6,ACGACGCTCTTCCGATCTNNNNNNNNAGACTTATCATTTTTTTTTTTTTTTTTTTTTTTTTTTTTTVN,12
D7,ACGACGCTCTTCCGATCTNNNNNNNNTCGCGCCGTATTTTTTTTTTTTTTTTTTTTTTTTTTTTTTVN,12
D8,ACGACGCTCTTCCGATCTNNNNNNNNAGCTTGAAGATTTTTTTTTTTTTTTTTTTTTTTTTTTTTTVN,12
D9,ACGACGCTCTTCCGATCTNNNNNNNNCGGTAGCTACTTTTTTTTTTTTTTTTTTTTTTTTTTTTTTVN,12
D10,ACGACGCTCTTCCGATCTNNNNNNNNGCGGCATGCGTTTTTTTTTTTTTTTTTTTTTTTTTTTTTTVN,12
D11,ACGACGCTCTTCCGATCTNNNNNNNNAAGACTGGCTTTTTTTTTTTTTTTTTTTTTTTTTTTTTTTVN,12
D12,ACGACGCTCTTCCGATCTNNNNNNNNCGCATTCTTATTTTTTTTTTTTTTTTTTTTTTTTTTTTTTVN,12
E1,ACGACGCTCTTCCGATCTNNNNNNNNTACCGTCTCCTTTTTTTTTTTTTTTTTTTTTTTTTTTTTTVN,12
E2,ACGACGCTCTTCCGATCTNNNNNNNNAATATAGTATTTTTTTTTTTTTTTTTTTTTTTTTTTTTTTVN,12
E3,ACGACGCTCTTCCGATCTNNNNNNNNATCATAAGATTTTTTTTTTTTTTTTTTTTTTTTTTTTTTTVN,12
E4,ACGACGCTCTTCCGATCTNNNNNNNNATCAATATCCTTTTTTTTTTTTTTTTTTTTTTTTTTTTTTVN,12
E5,ACGACGCTCTTCCGATCTNNNNNNNNTATTACCAACTTTTTTTTTTTTTTTTTTTTTTTTTTTTTTVN,12
E6,ACGACGCTCTTCCGATCTNNNNNNNNGAGAAGACCATTTTTTTTTTTTTTTTTTTTTTTTTTTTTTVN,12
E7,ACGACGCTCTTCCGATCTNNNNNNNNTGGCGCTCTCTTTTTTTTTTTTTTTTTTTTTTTTTTTTTTVN,12
E8,ACGACGCTCTTCCGATCTNNNNNNNNGCGACGATAATTTTTTTTTTTTTTTTTTTTTTTTTTTTTTVN,12
E9,ACGACGCTCTTCCGATCTNNNNNNNNAACGTCGCGATTTTTTTTTTTTTTTTTTTTTTTTTTTTTTVN,12
E10,ACGACGCTCTTCCGATCTNNNNNNNNATGAAGCTTCTTTTTTTTTTTTTTTTTTTTTTTTTTTTTTVN,12
E11,ACGACGCTCTTCCGATCTNNNNNNNNGCCATAGAGTTTTTTTTTTTTTTTTTTTTTTTTTTTTTTTVN,12
E12,ACGACGCTCTTCCGATCTNNNNNNNNTGACTGAGAATTTTTTTTTTTTTTTTTTTTTTTTTTTTTTVN,12
F1,ACGACGCTCTTCCGATCTNNNNNNNNCGGCTCCGAATTTTTTTTTTTTTTTTTTTTTTTTTTTTTTVN,12
F2,ACGACGCTCTTCCGATCTNNNNNNNNCAGCCAATTGTTTTTTTTTTTTTTTTTTTTTTTTTTTTTTVN,12
F3,ACGACGCTCTTCCGATCTNNNNNNNNGCGACCAGTTTTTTTTTTTTTTTTTTTTTTTTTTTTTTTTVN,12
F4,ACGACGCTCTTCCGATCTNNNNNNNNCCTAACGACGTTTTTTTTTTTTTTTTTTTTTTTTTTTTTTVN,12
F5,ACGACGCTCTTCCGATCTNNNNNNNNCTTCGCAATCTTTTTTTTTTTTTTTTTTTTTTTTTTTTTTVN,12
F6,ACGACGCTCTTCCGATCTNNNNNNNNTGACTCCGTTTTTTTTTTTTTTTTTTTTTTTTTTTTTTTTVN,12
F7,ACGACGCTCTTCCGATCTNNNNNNNNGATAGTCGCTTTTTTTTTTTTTTTTTTTTTTTTTTTTTTTVN,12
F8,ACGACGCTCTTCCGATCTNNNNNNNNAAGGTACTAATTTTTTTTTTTTTTTTTTTTTTTTTTTTTTVN,12
F9,ACGACGCTCTTCCGATCTNNNNNNNNTTGCATGAGGTTTTTTTTTTTTTTTTTTTTTTTTTTTTTTVN,12
F10,ACGACGCTCTTCCGATCTNNNNNNNNGTATTATATATTTTTTTTTTTTTTTTTTTTTTTTTTTTTTVN,12
F11,ACGACGCTCTTCCGATCTNNNNNNNNATTCTTGGCTTTTTTTTTTTTTTTTTTTTTTTTTTTTTTTVN,12
F12,ACGACGCTCTTCCGATCTNNNNNNNNTGCATCTTGGTTTTTTTTTTTTTTTTTTTTTTTTTTTTTTVN,12
G1,ACGACGCTCTTCCGATCTNNNNNNNNGTTGGCTCAATTTTTTTTTTTTTTTTTTTTTTTTTTTTTTVN,12
G2,ACGACGCTCTTCCGATCTNNNNNNNNAATATCATTATTTTTTTTTTTTTTTTTTTTTTTTTTTTTTVN,12
G3,ACGACGCTCTTCCGATCTNNNNNNNNTAACTAAGTCTTTTTTTTTTTTTTTTTTTTTTTTTTTTTTVN,12
G4,ACGACGCTCTTCCGATCTNNNNNNNNCAATAACCAATTTTTTTTTTTTTTTTTTTTTTTTTTTTTTVN,12
G5,ACGACGCTCTTCCGATCTNNNNNNNNTTATACTGCATTTTTTTTTTTTTTTTTTTTTTTTTTTTTTVN,12
G6,ACGACGCTCTTCCGATCTNNNNNNNNTGAGCAGAGCTTTTTTTTTTTTTTTTTTTTTTTTTTTTTTVN,12
G7,ACGACGCTCTTCCGATCTNNNNNNNNTGCAAGCCAATTTTTTTTTTTTTTTTTTTTTTTTTTTTTTVN,12
G8,ACGACGCTCTTCCGATCTNNNNNNNNTGGAGAACGATTTTTTTTTTTTTTTTTTTTTTTTTTTTTTVN,12
G9,ACGACGCTCTTCCGATCTNNNNNNNNATCGGATTCATTTTTTTTTTTTTTTTTTTTTTTTTTTTTTVN,12
G10,ACGACGCTCTTCCGATCTNNNNNNNNACTAGACCGATTTTTTTTTTTTTTTTTTTTTTTTTTTTTTVN,12
G11,ACGACGCTCTTCCGATCTNNNNNNNNCGAGATGCTTTTTTTTTTTTTTTTTTTTTTTTTTTTTTTTVN,12
G12,ACGACGCTCTTCCGATCTNNNNNNNNTTCTATTAATTTTTTTTTTTTTTTTTTTTTTTTTTTTTTTVN,12
H1,ACGACGCTCTTCCGATCTNNNNNNNNAATTAGTCCATTTTTTTTTTTTTTTTTTTTTTTTTTTTTTVN,12
H2,ACGACGCTCTTCCGATCTNNNNNNNNGCTCCAAGCCTTTTTTTTTTTTTTTTTTTTTTTTTTTTTTVN,12
H3,ACGACGCTCTTCCGATCTNNNNNNNNCTCTTCCTAATTTTTTTTTTTTTTTTTTTTTTTTTTTTTTVN,12
H4,ACGACGCTCTTCCGATCTNNNNNNNNCCGCGTTAACTTTTTTTTTTTTTTTTTTTTTTTTTTTTTTVN,12
H5,ACGACGCTCTTCCGATCTNNNNNNNNGACGGAATAGTTTTTTTTTTTTTTTTTTTTTTTTTTTTTTVN,12
H6,ACGACGCTCTTCCGATCTNNNNNNNNCTCAGAGTTGTTTTTTTTTTTTTTTTTTTTTTTTTTTTTTVN,12
H7,ACGACGCTCTTCCGATCTNNNNNNNNGGACGTATGATTTTTTTTTTTTTTTTTTTTTTTTTTTTTTVN,12
H8,ACGACGCTCTTCCGATCTNNNNNNNNAAGATGAGTCTTTTTTTTTTTTTTTTTTTTTTTTTTTTTTVN,12
H9,ACGACGCTCTTCCGATCTNNNNNNNNATGCGCTACCTTTTTTTTTTTTTTTTTTTTTTTTTTTTTTVN,12
H10,ACGACGCTCTTCCGATCTNNNNNNNNGGACGCCTAATTTTTTTTTTTTTTTTTTTTTTTTTTTTTTVN,12
H11,ACGACGCTCTTCCGATCTNNNNNNNNCAGTTAGACCTTTTTTTTTTTTTTTTTTTTTTTTTTTTTTVN,12
H12,ACGACGCTCTTCCGATCTNNNNNNNNCCGTCTCAATTTTTTTTTTTTTTTTTTTTTTTTTTTTTTTVN,12
A1,ACGACGCTCTTCCGATCTNNNNNNNNATGGTACGTTTTTTTTTTTTTTTTTTTTTTTTTTTTTTTTVN,13
A2,ACGACGCTCTTCCGATCTNNNNNNNNGTAACTGAACTTTTTTTTTTTTTTTTTTTTTTTTTTTTTTVN,13
A3,ACGACGCTCTTCCGATCTNNNNNNNNTAAGGTTAACTTTTTTTTTTTTTTTTTTTTTTTTTTTTTTVN,13
A4,ACGACGCTCTTCCGATCTNNNNNNNNCTACTACTCCTTTTTTTTTTTTTTTTTTTTTTTTTTTTTTVN,13
A5,ACGACGCTCTTCCGATCTNNNNNNNNTCTCAACCTGTTTTTTTTTTTTTTTTTTTTTTTTTTTTTTVN,13
A6,ACGACGCTCTTCCGATCTNNNNNNNNGTTATTGGTTTTTTTTTTTTTTTTTTTTTTTTTTTTTTTTVN,13
A7,ACGACGCTCTTCCGATCTNNNNNNNNAATAGGTACCTTTTTTTTTTTTTTTTTTTTTTTTTTTTTTVN,13
A8,ACGACGCTCTTCCGATCTNNNNNNNNTGAGGCAGCTTTTTTTTTTTTTTTTTTTTTTTTTTTTTTTVN,13
A9,ACGACGCTCTTCCGATCTNNNNNNNNTACCAACCAATTTTTTTTTTTTTTTTTTTTTTTTTTTTTTVN,13
A10,ACGACGCTCTTCCGATCTNNNNNNNNCCGATATCAGTTTTTTTTTTTTTTTTTTTTTTTTTTTTTTVN,13
A11,ACGACGCTCTTCCGATCTNNNNNNNNGTTCCATCAATTTTTTTTTTTTTTTTTTTTTTTTTTTTTTVN,13
A12,ACGACGCTCTTCCGATCTNNNNNNNNCTTCTGGTCCTTTTTTTTTTTTTTTTTTTTTTTTTTTTTTVN,13
B1,ACGACGCTCTTCCGATCTNNNNNNNNGACCTCAGGTTTTTTTTTTTTTTTTTTTTTTTTTTTTTTTVN,13
B2,ACGACGCTCTTCCGATCTNNNNNNNNCTCATTGCAATTTTTTTTTTTTTTTTTTTTTTTTTTTTTTVN,13
B3,ACGACGCTCTTCCGATCTNNNNNNNNGTCAGTTAGTTTTTTTTTTTTTTTTTTTTTTTTTTTTTTTVN,13
B4,ACGACGCTCTTCCGATCTNNNNNNNNACCTCTTACCTTTTTTTTTTTTTTTTTTTTTTTTTTTTTTVN,13
B5,ACGACGCTCTTCCGATCTNNNNNNNNTTGCGATTACTTTTTTTTTTTTTTTTTTTTTTTTTTTTTTVN,13
B6,ACGACGCTCTTCCGATCTNNNNNNNNTTCATCATATTTTTTTTTTTTTTTTTTTTTTTTTTTTTTTVN,13
B7,ACGACGCTCTTCCGATCTNNNNNNNNCTTCCGTAGGTTTTTTTTTTTTTTTTTTTTTTTTTTTTTTVN,13
B8,ACGACGCTCTTCCGATCTNNNNNNNNTCGGAGAGTCTTTTTTTTTTTTTTTTTTTTTTTTTTTTTTVN,13
B9,ACGACGCTCTTCCGATCTNNNNNNNNACGTATCTATTTTTTTTTTTTTTTTTTTTTTTTTTTTTTTVN,13
B10,ACGACGCTCTTCCGATCTNNNNNNNNTTGCTTCATATTTTTTTTTTTTTTTTTTTTTTTTTTTTTTVN,13
B11,ACGACGCTCTTCCGATCTNNNNNNNNTCGTCTCTACTTTTTTTTTTTTTTTTTTTTTTTTTTTTTTVN,13
B12,ACGACGCTCTTCCGATCTNNNNNNNNGTTATGCGAATTTTTTTTTTTTTTTTTTTTTTTTTTTTTTVN,13
C1,ACGACGCTCTTCCGATCTNNNNNNNNGGCGAATCTATTTTTTTTTTTTTTTTTTTTTTTTTTTTTTVN,13
C2,ACGACGCTCTTCCGATCTNNNNNNNNCCGCGAAGAATTTTTTTTTTTTTTTTTTTTTTTTTTTTTTVN,13
C3,ACGACGCTCTTCCGATCTNNNNNNNNAGACCAAGAATTTTTTTTTTTTTTTTTTTTTTTTTTTTTTVN,13
C4,ACGACGCTCTTCCGATCTNNNNNNNNTAATCTATACTTTTTTTTTTTTTTTTTTTTTTTTTTTTTTVN,13
C5,ACGACGCTCTTCCGATCTNNNNNNNNAGTCATAGTCTTTTTTTTTTTTTTTTTTTTTTTTTTTTTTVN,13
C6,ACGACGCTCTTCCGATCTNNNNNNNNTTCGCGGAGCTTTTTTTTTTTTTTTTTTTTTTTTTTTTTTVN,13
C7,ACGACGCTCTTCCGATCTNNNNNNNNGAATCGTTCCTTTTTTTTTTTTTTTTTTTTTTTTTTTTTTVN,13
C8,ACGACGCTCTTCCGATCTNNNNNNNNACGAAGGTACTTTTTTTTTTTTTTTTTTTTTTTTTTTTTTVN,13
C9,ACGACGCTCTTCCGATCTNNNNNNNNAGTCGCATAATTTTTTTTTTTTTTTTTTTTTTTTTTTTTTVN,13
C10,ACGACGCTCTTCCGATCTNNNNNNNNACCAACCGTTTTTTTTTTTTTTTTTTTTTTTTTTTTTTTTVN,13
C11,ACGACGCTCTTCCGATCTNNNNNNNNTTCCTTCTAGTTTTTTTTTTTTTTTTTTTTTTTTTTTTTTVN,13
C12,ACGACGCTCTTCCGATCTNNNNNNNNTCCTCCATACTTTTTTTTTTTTTTTTTTTTTTTTTTTTTTVN,13
D1,ACGACGCTCTTCCGATCTNNNNNNNNGCTACTTACGTTTTTTTTTTTTTTTTTTTTTTTTTTTTTTVN,13
D2,ACGACGCTCTTCCGATCTNNNNNNNNTTGACGACTATTTTTTTTTTTTTTTTTTTTTTTTTTTTTTVN,13
D3,ACGACGCTCTTCCGATCTNNNNNNNNTCCATACTACTTTTTTTTTTTTTTTTTTTTTTTTTTTTTTVN,13
D4,ACGACGCTCTTCCGATCTNNNNNNNNTACGTCCATTTTTTTTTTTTTTTTTTTTTTTTTTTTTTTTVN,13
D5,ACGACGCTCTTCCGATCTNNNNNNNNCAGCGAACGGTTTTTTTTTTTTTTTTTTTTTTTTTTTTTTVN,13
D6,ACGACGCTCTTCCGATCTNNNNNNNNATATTGACTGTTTTTTTTTTTTTTTTTTTTTTTTTTTTTTVN,13
D7,ACGACGCTCTTCCGATCTNNNNNNNNTCAGTCCGACTTTTTTTTTTTTTTTTTTTTTTTTTTTTTTVN,13
D8,ACGACGCTCTTCCGATCTNNNNNNNNGCGCATGGAATTTTTTTTTTTTTTTTTTTTTTTTTTTTTTVN,13
D9,ACGACGCTCTTCCGATCTNNNNNNNNCATGCCGTCCTTTTTTTTTTTTTTTTTTTTTTTTTTTTTTVN,13
D10,ACGACGCTCTTCCGATCTNNNNNNNNACGTTGCTCCTTTTTTTTTTTTTTTTTTTTTTTTTTTTTTVN,13
D11,ACGACGCTCTTCCGATCTNNNNNNNNAGCTAGGACGTTTTTTTTTTTTTTTTTTTTTTTTTTTTTTVN,13
D12,ACGACGCTCTTCCGATCTNNNNNNNNCTACTAATATTTTTTTTTTTTTTTTTTTTTTTTTTTTTTTVN,13
E1,ACGACGCTCTTCCGATCTNNNNNNNNAGAAGGAACTTTTTTTTTTTTTTTTTTTTTTTTTTTTTTTVN,13
E2,ACGACGCTCTTCCGATCTNNNNNNNNCCTTGAAGGCTTTTTTTTTTTTTTTTTTTTTTTTTTTTTTVN,13
E3,ACGACGCTCTTCCGATCTNNNNNNNNTGAGGCGTTATTTTTTTTTTTTTTTTTTTTTTTTTTTTTTVN,13
E4,ACGACGCTCTTCCGATCTNNNNNNNNAGACGTATTCTTTTTTTTTTTTTTTTTTTTTTTTTTTTTTVN,13
E5,ACGACGCTCTTCCGATCTNNNNNNNNAAGGCTCATCTTTTTTTTTTTTTTTTTTTTTTTTTTTTTTVN,13
E6,ACGACGCTCTTCCGATCTNNNNNNNNAGTCTCCGTATTTTTTTTTTTTTTTTTTTTTTTTTTTTTTVN,13
E7,ACGACGCTCTTCCGATCTNNNNNNNNAATGACCTCTTTTTTTTTTTTTTTTTTTTTTTTTTTTTTTVN,13
E8,ACGACGCTCTTCCGATCTNNNNNNNNTAACTGGCCGTTTTTTTTTTTTTTTTTTTTTTTTTTTTTTVN,13
E9,ACGACGCTCTTCCGATCTNNNNNNNNTTAAGCGCTATTTTTTTTTTTTTTTTTTTTTTTTTTTTTTVN,13
E10,ACGACGCTCTTCCGATCTNNNNNNNNCATAAGGTTGTTTTTTTTTTTTTTTTTTTTTTTTTTTTTTVN,13
E11,ACGACGCTCTTCCGATCTNNNNNNNNTTCGTCGAAGTTTTTTTTTTTTTTTTTTTTTTTTTTTTTTVN,13
E12,ACGACGCTCTTCCGATCTNNNNNNNNCTCGGACTCTTTTTTTTTTTTTTTTTTTTTTTTTTTTTTTVN,13
F1,ACGACGCTCTTCCGATCTNNNNNNNNCGAACCATAGTTTTTTTTTTTTTTTTTTTTTTTTTTTTTTVN,13
F2,ACGACGCTCTTCCGATCTNNNNNNNNGCCAATAGTTTTTTTTTTTTTTTTTTTTTTTTTTTTTTTTVN,13
F3,ACGACGCTCTTCCGATCTNNNNNNNNACCTCGCAAGTTTTTTTTTTTTTTTTTTTTTTTTTTTTTTVN,13
F4,ACGACGCTCTTCCGATCTNNNNNNNNACGAGCCGAATTTTTTTTTTTTTTTTTTTTTTTTTTTTTTVN,13
F5,ACGACGCTCTTCCGATCTNNNNNNNNCAGACTTGAGTTTTTTTTTTTTTTTTTTTTTTTTTTTTTTVN,13
F6,ACGACGCTCTTCCGATCTNNNNNNNNCAGGCCTAATTTTTTTTTTTTTTTTTTTTTTTTTTTTTTTVN,13
F7,ACGACGCTCTTCCGATCTNNNNNNNNACGTTAGCCATTTTTTTTTTTTTTTTTTTTTTTTTTTTTTVN,13
F8,ACGACGCTCTTCCGATCTNNNNNNNNAATATTAGCTTTTTTTTTTTTTTTTTTTTTTTTTTTTTTTVN,13
F9,ACGACGCTCTTCCGATCTNNNNNNNNGAAGATTCCTTTTTTTTTTTTTTTTTTTTTTTTTTTTTTTVN,13
F10,ACGACGCTCTTCCGATCTNNNNNNNNGTCTGGTCTTTTTTTTTTTTTTTTTTTTTTTTTTTTTTTTVN,13
F11,ACGACGCTCTTCCGATCTNNNNNNNNCGCTTATGGTTTTTTTTTTTTTTTTTTTTTTTTTTTTTTTVN,13
F12,ACGACGCTCTTCCGATCTNNNNNNNNGTAATAAGCATTTTTTTTTTTTTTTTTTTTTTTTTTTTTTVN,13
G1,ACGACGCTCTTCCGATCTNNNNNNNNAATGCTCTATTTTTTTTTTTTTTTTTTTTTTTTTTTTTTTVN,13
G2,ACGACGCTCTTCCGATCTNNNNNNNNCAAGATAATTTTTTTTTTTTTTTTTTTTTTTTTTTTTTTTVN,13
G3,ACGACGCTCTTCCGATCTNNNNNNNNCGCGCGGAACTTTTTTTTTTTTTTTTTTTTTTTTTTTTTTVN,13
G4,ACGACGCTCTTCCGATCTNNNNNNNNCGGACTTCGGTTTTTTTTTTTTTTTTTTTTTTTTTTTTTTVN,13
G5,ACGACGCTCTTCCGATCTNNNNNNNNATCATGGTAATTTTTTTTTTTTTTTTTTTTTTTTTTTTTTVN,13
G6,ACGACGCTCTTCCGATCTNNNNNNNNGCCATCTATATTTTTTTTTTTTTTTTTTTTTTTTTTTTTTVN,13
G7,ACGACGCTCTTCCGATCTNNNNNNNNCCAGATATGCTTTTTTTTTTTTTTTTTTTTTTTTTTTTTTVN,13
G8,ACGACGCTCTTCCGATCTNNNNNNNNCTTCTAGAGTTTTTTTTTTTTTTTTTTTTTTTTTTTTTTTVN,13
G9,ACGACGCTCTTCCGATCTNNNNNNNNCATATTCTTGTTTTTTTTTTTTTTTTTTTTTTTTTTTTTTVN,13
G10,ACGACGCTCTTCCGATCTNNNNNNNNCGCGCAGCAGTTTTTTTTTTTTTTTTTTTTTTTTTTTTTTVN,13
G11,ACGACGCTCTTCCGATCTNNNNNNNNCCGTAATATGTTTTTTTTTTTTTTTTTTTTTTTTTTTTTTVN,13
G12,ACGACGCTCTTCCGATCTNNNNNNNNCATTCCGCCGTTTTTTTTTTTTTTTTTTTTTTTTTTTTTTVN,13
H1,ACGACGCTCTTCCGATCTNNNNNNNNTTCAGAAGCATTTTTTTTTTTTTTTTTTTTTTTTTTTTTTVN,13
H2,ACGACGCTCTTCCGATCTNNNNNNNNAGAAGAATACTTTTTTTTTTTTTTTTTTTTTTTTTTTTTTVN,13
H3,ACGACGCTCTTCCGATCTNNNNNNNNATTACTACTGTTTTTTTTTTTTTTTTTTTTTTTTTTTTTTVN,13
H4,ACGACGCTCTTCCGATCTNNNNNNNNGTCTCCGCGGTTTTTTTTTTTTTTTTTTTTTTTTTTTTTTVN,13
H5,ACGACGCTCTTCCGATCTNNNNNNNNGCCGACGAGCTTTTTTTTTTTTTTTTTTTTTTTTTTTTTTVN,13
H6,ACGACGCTCTTCCGATCTNNNNNNNNTGCCTCTAAGTTTTTTTTTTTTTTTTTTTTTTTTTTTTTTVN,13
H7,ACGACGCTCTTCCGATCTNNNNNNNNCGTCTTGGTCTTTTTTTTTTTTTTTTTTTTTTTTTTTTTTVN,13
H8,ACGACGCTCTTCCGATCTNNNNNNNNACCATCTGCTTTTTTTTTTTTTTTTTTTTTTTTTTTTTTTVN,13
H9,ACGACGCTCTTCCGATCTNNNNNNNNATGGTTAATTTTTTTTTTTTTTTTTTTTTTTTTTTTTTTTVN,13
H10,ACGACGCTCTTCCGATCTNNNNNNNNAGCGAGTCTGTTTTTTTTTTTTTTTTTTTTTTTTTTTTTTVN,13
H11,ACGACGCTCTTCCGATCTNNNNNNNNAACGGCGAAGTTTTTTTTTTTTTTTTTTTTTTTTTTTTTTVN,13
H12,ACGACGCTCTTCCGATCTNNNNNNNNGGTTGGCAGGTTTTTTTTTTTTTTTTTTTTTTTTTTTTTTVN,13
A1,ACGACGCTCTTCCGATCTNNNNNNNNCCGCGATCTCTTTTTTTTTTTTTTTTTTTTTTTTTTTTTTVN,14
A2,ACGACGCTCTTCCGATCTNNNNNNNNGACGGCAATTTTTTTTTTTTTTTTTTTTTTTTTTTTTTTTVN,14
A3,ACGACGCTCTTCCGATCTNNNNNNNNCGGACCGCGCTTTTTTTTTTTTTTTTTTTTTTTTTTTTTTVN,14
A4,ACGACGCTCTTCCGATCTNNNNNNNNGAGCCTTCGCTTTTTTTTTTTTTTTTTTTTTTTTTTTTTTVN,14
A5,ACGACGCTCTTCCGATCTNNNNNNNNTGAGTCGATGTTTTTTTTTTTTTTTTTTTTTTTTTTTTTTVN,14
A6,ACGACGCTCTTCCGATCTNNNNNNNNTGCAACCGAGTTTTTTTTTTTTTTTTTTTTTTTTTTTTTTVN,14
A7,ACGACGCTCTTCCGATCTNNNNNNNNAATACTTAACTTTTTTTTTTTTTTTTTTTTTTTTTTTTTTVN,14
A8,ACGACGCTCTTCCGATCTNNNNNNNNGTCCGGAACTTTTTTTTTTTTTTTTTTTTTTTTTTTTTTTVN,14
A9,ACGACGCTCTTCCGATCTNNNNNNNNCCGACCGCTGTTTTTTTTTTTTTTTTTTTTTTTTTTTTTTVN,14
A10,ACGACGCTCTTCCGATCTNNNNNNNNCTACCGCGTCTTTTTTTTTTTTTTTTTTTTTTTTTTTTTTVN,14
A11,ACGACGCTCTTCCGATCTNNNNNNNNAATAGAAGAATTTTTTTTTTTTTTTTTTTTTTTTTTTTTTVN,14
A12,ACGACGCTCTTCCGATCTNNNNNNNNACTATAATTGTTTTTTTTTTTTTTTTTTTTTTTTTTTTTTVN,14
B1,ACGACGCTCTTCCGATCTNNNNNNNNGAACTCCTATTTTTTTTTTTTTTTTTTTTTTTTTTTTTTTVN,14
B2,ACGACGCTCTTCCGATCTNNNNNNNNAATTAATAACTTTTTTTTTTTTTTTTTTTTTTTTTTTTTTVN,14
B3,ACGACGCTCTTCCGATCTNNNNNNNNTGGCGATCATTTTTTTTTTTTTTTTTTTTTTTTTTTTTTTVN,14
B4,ACGACGCTCTTCCGATCTNNNNNNNNTTCTGATGATTTTTTTTTTTTTTTTTTTTTTTTTTTTTTTVN,14
B5,ACGACGCTCTTCCGATCTNNNNNNNNAAGGCCGAACTTTTTTTTTTTTTTTTTTTTTTTTTTTTTTVN,14
B6,ACGACGCTCTTCCGATCTNNNNNNNNCTAGACGTAATTTTTTTTTTTTTTTTTTTTTTTTTTTTTTVN,14
B7,ACGACGCTCTTCCGATCTNNNNNNNNGCTATGCAGCTTTTTTTTTTTTTTTTTTTTTTTTTTTTTTVN,14
B8,ACGACGCTCTTCCGATCTNNNNNNNNGAAGCAATCATTTTTTTTTTTTTTTTTTTTTTTTTTTTTTVN,14
B9,ACGACGCTCTTCCGATCTNNNNNNNNCTCCAAGTTATTTTTTTTTTTTTTTTTTTTTTTTTTTTTTVN,14
B10,ACGACGCTCTTCCGATCTNNNNNNNNAGCGTAAGTTTTTTTTTTTTTTTTTTTTTTTTTTTTTTTTVN,14
B11,ACGACGCTCTTCCGATCTNNNNNNNNGGTACGAACCTTTTTTTTTTTTTTTTTTTTTTTTTTTTTTVN,14
B12,ACGACGCTCTTCCGATCTNNNNNNNNCCAAGGAGCGTTTTTTTTTTTTTTTTTTTTTTTTTTTTTTVN,14
C1,ACGACGCTCTTCCGATCTNNNNNNNNACGCGCAAGCTTTTTTTTTTTTTTTTTTTTTTTTTTTTTTVN,14
C2,ACGACGCTCTTCCGATCTNNNNNNNNGGACTAGATTTTTTTTTTTTTTTTTTTTTTTTTTTTTTTTVN,14
C3,ACGACGCTCTTCCGATCTNNNNNNNNCGTTCTCCAATTTTTTTTTTTTTTTTTTTTTTTTTTTTTTVN,14
C4,ACGACGCTCTTCCGATCTNNNNNNNNTAAGACTACCTTTTTTTTTTTTTTTTTTTTTTTTTTTTTTVN,14
C5,ACGACGCTCTTCCGATCTNNNNNNNNTACGGTTCCATTTTTTTTTTTTTTTTTTTTTTTTTTTTTTVN,14
C6,ACGACGCTCTTCCGATCTNNNNNNNNACCTTAACTCTTTTTTTTTTTTTTTTTTTTTTTTTTTTTTVN,14
C7,ACGACGCTCTTCCGATCTNNNNNNNNTACCGATAACTTTTTTTTTTTTTTTTTTTTTTTTTTTTTTVN,14
C8,ACGACGCTCTTCCGATCTNNNNNNNNCGACTCGTAGTTTTTTTTTTTTTTTTTTTTTTTTTTTTTTVN,14
C9,ACGACGCTCTTCCGATCTNNNNNNNNCAGAATTAGGTTTTTTTTTTTTTTTTTTTTTTTTTTTTTTVN,14
C10,ACGACGCTCTTCCGATCTNNNNNNNNCGTCAAGGCATTTTTTTTTTTTTTTTTTTTTTTTTTTTTTVN,14
C11,ACGACGCTCTTCCGATCTNNNNNNNNAATAATTAGATTTTTTTTTTTTTTTTTTTTTTTTTTTTTTVN,14
C12,ACGACGCTCTTCCGATCTNNNNNNNNCCAGGTTGCGTTTTTTTTTTTTTTTTTTTTTTTTTTTTTTVN,14
D1,ACGACGCTCTTCCGATCTNNNNNNNNGAGACCGCCTTTTTTTTTTTTTTTTTTTTTTTTTTTTTTTVN,14
D2,ACGACGCTCTTCCGATCTNNNNNNNNCTCAACGAGATTTTTTTTTTTTTTTTTTTTTTTTTTTTTTVN,14
D3,ACGACGCTCTTCCGATCTNNNNNNNNATTAGTAATTTTTTTTTTTTTTTTTTTTTTTTTTTTTTTTVN,14
D4,ACGACGCTCTTCCGATCTNNNNNNNNCTCCGGATAGTTTTTTTTTTTTTTTTTTTTTTTTTTTTTTVN,14
D5,ACGACGCTCTTCCGATCTNNNNNNNNCAGGAACGAATTTTTTTTTTTTTTTTTTTTTTTTTTTTTTVN,14
D6,ACGACGCTCTTCCGATCTNNNNNNNNGTATAGGTCGTTTTTTTTTTTTTTTTTTTTTTTTTTTTTTVN,14
D7,ACGACGCTCTTCCGATCTNNNNNNNNACTAAGCCAGTTTTTTTTTTTTTTTTTTTTTTTTTTTTTTVN,14
D8,ACGACGCTCTTCCGATCTNNNNNNNNATACGGCGTATTTTTTTTTTTTTTTTTTTTTTTTTTTTTTVN,14
D9,ACGACGCTCTTCCGATCTNNNNNNNNTGCAGGACTCTTTTTTTTTTTTTTTTTTTTTTTTTTTTTTVN,14
D10,ACGACGCTCTTCCGATCTNNNNNNNNAGTTGCGCCATTTTTTTTTTTTTTTTTTTTTTTTTTTTTTVN,14
D11,ACGACGCTCTTCCGATCTNNNNNNNNTAGTAGACGGTTTTTTTTTTTTTTTTTTTTTTTTTTTTTTVN,14
D12,ACGACGCTCTTCCGATCTNNNNNNNNTAATCAGCCTTTTTTTTTTTTTTTTTTTTTTTTTTTTTTTVN,14
E1,ACGACGCTCTTCCGATCTNNNNNNNNGATTATGGAGTTTTTTTTTTTTTTTTTTTTTTTTTTTTTTVN,14
E2,ACGACGCTCTTCCGATCTNNNNNNNNCCTACGTAATTTTTTTTTTTTTTTTTTTTTTTTTTTTTTTVN,14
E3,ACGACGCTCTTCCGATCTNNNNNNNNGCGCATACGTTTTTTTTTTTTTTTTTTTTTTTTTTTTTTTVN,14
E4,ACGACGCTCTTCCGATCTNNNNNNNNCCTATTAGACTTTTTTTTTTTTTTTTTTTTTTTTTTTTTTVN,14
E5,ACGACGCTCTTCCGATCTNNNNNNNNGTCGTTCTGATTTTTTTTTTTTTTTTTTTTTTTTTTTTTTVN,14
E6,ACGACGCTCTTCCGATCTNNNNNNNNACGACTGGACTTTTTTTTTTTTTTTTTTTTTTTTTTTTTTVN,14
E7,ACGACGCTCTTCCGATCTNNNNNNNNATCAGCATCATTTTTTTTTTTTTTTTTTTTTTTTTTTTTTVN,14
E8,ACGACGCTCTTCCGATCTNNNNNNNNAGGTAACGCGTTTTTTTTTTTTTTTTTTTTTTTTTTTTTTVN,14
E9,ACGACGCTCTTCCGATCTNNNNNNNNCGATCAGAGATTTTTTTTTTTTTTTTTTTTTTTTTTTTTTVN,14
E10,ACGACGCTCTTCCGATCTNNNNNNNNAGATGATACCTTTTTTTTTTTTTTTTTTTTTTTTTTTTTTVN,14
E11,ACGACGCTCTTCCGATCTNNNNNNNNACTGCCAGGCTTTTTTTTTTTTTTTTTTTTTTTTTTTTTTVN,14
E12,ACGACGCTCTTCCGATCTNNNNNNNNAGCGTAACCATTTTTTTTTTTTTTTTTTTTTTTTTTTTTTVN,14
F1,ACGACGCTCTTCCGATCTNNNNNNNNGGACGGTAGGTTTTTTTTTTTTTTTTTTTTTTTTTTTTTTVN,14
F2,ACGACGCTCTTCCGATCTNNNNNNNNTTCTGGAGCGTTTTTTTTTTTTTTTTTTTTTTTTTTTTTTVN,14
F3,ACGACGCTCTTCCGATCTNNNNNNNNTAACGCGGAATTTTTTTTTTTTTTTTTTTTTTTTTTTTTTVN,14
F4,ACGACGCTCTTCCGATCTNNNNNNNNGGCGCGTCGGTTTTTTTTTTTTTTTTTTTTTTTTTTTTTTVN,14
F5,ACGACGCTCTTCCGATCTNNNNNNNNGGATAAGATCTTTTTTTTTTTTTTTTTTTTTTTTTTTTTTVN,14
F6,ACGACGCTCTTCCGATCTNNNNNNNNCATCCTCGCGTTTTTTTTTTTTTTTTTTTTTTTTTTTTTTVN,14
F7,ACGACGCTCTTCCGATCTNNNNNNNNCTATATTCCATTTTTTTTTTTTTTTTTTTTTTTTTTTTTTVN,14
F8,ACGACGCTCTTCCGATCTNNNNNNNNGAGTAGCCGCTTTTTTTTTTTTTTTTTTTTTTTTTTTTTTVN,14
F9,ACGACGCTCTTCCGATCTNNNNNNNNTTCTCATAACTTTTTTTTTTTTTTTTTTTTTTTTTTTTTTVN,14
F10,ACGACGCTCTTCCGATCTNNNNNNNNGGCAACGTTGTTTTTTTTTTTTTTTTTTTTTTTTTTTTTTVN,14
F11,ACGACGCTCTTCCGATCTNNNNNNNNCAAGGCTACTTTTTTTTTTTTTTTTTTTTTTTTTTTTTTTVN,14
F12,ACGACGCTCTTCCGATCTNNNNNNNNGTTAACCGGCTTTTTTTTTTTTTTTTTTTTTTTTTTTTTTVN,14
G1,ACGACGCTCTTCCGATCTNNNNNNNNTCTATATCTTTTTTTTTTTTTTTTTTTTTTTTTTTTTTTTVN,14
G2,ACGACGCTCTTCCGATCTNNNNNNNNGCCGCTGAGATTTTTTTTTTTTTTTTTTTTTTTTTTTTTTVN,14
G3,ACGACGCTCTTCCGATCTNNNNNNNNTCTCCTTGGATTTTTTTTTTTTTTTTTTTTTTTTTTTTTTVN,14
G4,ACGACGCTCTTCCGATCTNNNNNNNNAGAATTGGTCTTTTTTTTTTTTTTTTTTTTTTTTTTTTTTVN,14
G5,ACGACGCTCTTCCGATCTNNNNNNNNTGCAAGGTCCTTTTTTTTTTTTTTTTTTTTTTTTTTTTTTVN,14
G6,ACGACGCTCTTCCGATCTNNNNNNNNTAATTGATCATTTTTTTTTTTTTTTTTTTTTTTTTTTTTTVN,14
G7,ACGACGCTCTTCCGATCTNNNNNNNNTAGCGGAGAATTTTTTTTTTTTTTTTTTTTTTTTTTTTTTVN,14
G8,ACGACGCTCTTCCGATCTNNNNNNNNCCGCGTCCAATTTTTTTTTTTTTTTTTTTTTTTTTTTTTTVN,14
G9,ACGACGCTCTTCCGATCTNNNNNNNNCTTAGCAGTTTTTTTTTTTTTTTTTTTTTTTTTTTTTTTTVN,14
G10,ACGACGCTCTTCCGATCTNNNNNNNNCTTCGACTCGTTTTTTTTTTTTTTTTTTTTTTTTTTTTTTVN,14
G11,ACGACGCTCTTCCGATCTNNNNNNNNTTAATCCTGATTTTTTTTTTTTTTTTTTTTTTTTTTTTTTVN,14
G12,ACGACGCTCTTCCGATCTNNNNNNNNTAAGGTCCTTTTTTTTTTTTTTTTTTTTTTTTTTTTTTTTVN,14
H1,ACGACGCTCTTCCGATCTNNNNNNNNGTTAAGAGGATTTTTTTTTTTTTTTTTTTTTTTTTTTTTTVN,14
H2,ACGACGCTCTTCCGATCTNNNNNNNNAAGCCTATGATTTTTTTTTTTTTTTTTTTTTTTTTTTTTTVN,14
H3,ACGACGCTCTTCCGATCTNNNNNNNNGAGTCGTAACTTTTTTTTTTTTTTTTTTTTTTTTTTTTTTVN,14
H4,ACGACGCTCTTCCGATCTNNNNNNNNACTGGACCTCTTTTTTTTTTTTTTTTTTTTTTTTTTTTTTVN,14
H5,ACGACGCTCTTCCGATCTNNNNNNNNCCAGACTTCCTTTTTTTTTTTTTTTTTTTTTTTTTTTTTTVN,14
H6,ACGACGCTCTTCCGATCTNNNNNNNNAACGATCATGTTTTTTTTTTTTTTTTTTTTTTTTTTTTTTVN,14
H7,ACGACGCTCTTCCGATCTNNNNNNNNCAATCATGAGTTTTTTTTTTTTTTTTTTTTTTTTTTTTTTVN,14
H8,ACGACGCTCTTCCGATCTNNNNNNNNCTCCTCTGCCTTTTTTTTTTTTTTTTTTTTTTTTTTTTTTVN,14
H9,ACGACGCTCTTCCGATCTNNNNNNNNTGGCTAGAACTTTTTTTTTTTTTTTTTTTTTTTTTTTTTTVN,14
H10,ACGACGCTCTTCCGATCTNNNNNNNNTTATCCGCTGTTTTTTTTTTTTTTTTTTTTTTTTTTTTTTVN,14
H11,ACGACGCTCTTCCGATCTNNNNNNNNCTTCTCTCGCTTTTTTTTTTTTTTTTTTTTTTTTTTTTTTVN,14
H12,ACGACGCTCTTCCGATCTNNNNNNNNTAGTTATTCATTTTTTTTTTTTTTTTTTTTTTTTTTTTTTVN,14
A1,ACGACGCTCTTCCGATCTNNNNNNNNGGCCTCTCCATTTTTTTTTTTTTTTTTTTTTTTTTTTTTTVN,15
A2,ACGACGCTCTTCCGATCTNNNNNNNNATCGGTCCTCTTTTTTTTTTTTTTTTTTTTTTTTTTTTTTVN,15
A3,ACGACGCTCTTCCGATCTNNNNNNNNCTTGCCAGCGTTTTTTTTTTTTTTTTTTTTTTTTTTTTTTVN,15
A4,ACGACGCTCTTCCGATCTNNNNNNNNTTGAATCAAGTTTTTTTTTTTTTTTTTTTTTTTTTTTTTTVN,15
A5,ACGACGCTCTTCCGATCTNNNNNNNNCCTTGAGGAATTTTTTTTTTTTTTTTTTTTTTTTTTTTTTVN,15
A6,ACGACGCTCTTCCGATCTNNNNNNNNTTATCCAGTATTTTTTTTTTTTTTTTTTTTTTTTTTTTTTVN,15
A7,ACGACGCTCTTCCGATCTNNNNNNNNCGGACCATCCTTTTTTTTTTTTTTTTTTTTTTTTTTTTTTVN,15
A8,ACGACGCTCTTCCGATCTNNNNNNNNATGCCGCGCATTTTTTTTTTTTTTTTTTTTTTTTTTTTTTVN,15
A9,ACGACGCTCTTCCGATCTNNNNNNNNGTTCCGCGCTTTTTTTTTTTTTTTTTTTTTTTTTTTTTTTVN,15
A10,ACGACGCTCTTCCGATCTNNNNNNNNTGGCATCCAGTTTTTTTTTTTTTTTTTTTTTTTTTTTTTTVN,15
A11,ACGACGCTCTTCCGATCTNNNNNNNNAATAAGATAATTTTTTTTTTTTTTTTTTTTTTTTTTTTTTVN,15
A12,ACGACGCTCTTCCGATCTNNNNNNNNGCATCAAGACTTTTTTTTTTTTTTTTTTTTTTTTTTTTTTVN,15
B1,ACGACGCTCTTCCGATCTNNNNNNNNATCTTGACCATTTTTTTTTTTTTTTTTTTTTTTTTTTTTTVN,15
B2,ACGACGCTCTTCCGATCTNNNNNNNNCAACTGACGGTTTTTTTTTTTTTTTTTTTTTTTTTTTTTTVN,15
B3,ACGACGCTCTTCCGATCTNNNNNNNNATTAAGGTCATTTTTTTTTTTTTTTTTTTTTTTTTTTTTTVN,15
B4,ACGACGCTCTTCCGATCTNNNNNNNNAGAGAATCAGTTTTTTTTTTTTTTTTTTTTTTTTTTTTTTVN,15
B5,ACGACGCTCTTCCGATCTNNNNNNNNTGAAGGAAGGTTTTTTTTTTTTTTTTTTTTTTTTTTTTTTVN,15
B6,ACGACGCTCTTCCGATCTNNNNNNNNAATCCGTATGTTTTTTTTTTTTTTTTTTTTTTTTTTTTTTVN,15
B7,ACGACGCTCTTCCGATCTNNNNNNNNTTCTAAGCTCTTTTTTTTTTTTTTTTTTTTTTTTTTTTTTVN,15
B8,ACGACGCTCTTCCGATCTNNNNNNNNCTGCGATAAGTTTTTTTTTTTTTTTTTTTTTTTTTTTTTTVN,15
B9,ACGACGCTCTTCCGATCTNNNNNNNNGGATTGCCGGTTTTTTTTTTTTTTTTTTTTTTTTTTTTTTVN,15
B10,ACGACGCTCTTCCGATCTNNNNNNNNCCAATAGAACTTTTTTTTTTTTTTTTTTTTTTTTTTTTTTVN,15
B11,ACGACGCTCTTCCGATCTNNNNNNNNCCGTCGATTGTTTTTTTTTTTTTTTTTTTTTTTTTTTTTTVN,15
B12,ACGACGCTCTTCCGATCTNNNNNNNNAAGCTCCTCCTTTTTTTTTTTTTTTTTTTTTTTTTTTTTTVN,15
C1,ACGACGCTCTTCCGATCTNNNNNNNNTAATATAACCTTTTTTTTTTTTTTTTTTTTTTTTTTTTTTVN,15
C2,ACGACGCTCTTCCGATCTNNNNNNNNGGTAACCATCTTTTTTTTTTTTTTTTTTTTTTTTTTTTTTVN,15
C3,ACGACGCTCTTCCGATCTNNNNNNNNACCAGACGCTTTTTTTTTTTTTTTTTTTTTTTTTTTTTTTVN,15
C4,ACGACGCTCTTCCGATCTNNNNNNNNAGAGTACCATTTTTTTTTTTTTTTTTTTTTTTTTTTTTTTVN,15
C5,ACGACGCTCTTCCGATCTNNNNNNNNCCAACCTACGTTTTTTTTTTTTTTTTTTTTTTTTTTTTTTVN,15
C6,ACGACGCTCTTCCGATCTNNNNNNNNCGGAACCGATTTTTTTTTTTTTTTTTTTTTTTTTTTTTTTVN,15
C7,ACGACGCTCTTCCGATCTNNNNNNNNGATAACCTATTTTTTTTTTTTTTTTTTTTTTTTTTTTTTTVN,15
C8,ACGACGCTCTTCCGATCTNNNNNNNNGGTAGCCTCGTTTTTTTTTTTTTTTTTTTTTTTTTTTTTTVN,15
C9,ACGACGCTCTTCCGATCTNNNNNNNNCTACTATGGCTTTTTTTTTTTTTTTTTTTTTTTTTTTTTTVN,15
C10,ACGACGCTCTTCCGATCTNNNNNNNNATCAACGGCCTTTTTTTTTTTTTTTTTTTTTTTTTTTTTTVN,15
C11,ACGACGCTCTTCCGATCTNNNNNNNNTCTGGTCGAATTTTTTTTTTTTTTTTTTTTTTTTTTTTTTVN,15
C12,ACGACGCTCTTCCGATCTNNNNNNNNTCTCTAGGCGTTTTTTTTTTTTTTTTTTTTTTTTTTTTTTVN,15
D1,ACGACGCTCTTCCGATCTNNNNNNNNTCCGGAGAACTTTTTTTTTTTTTTTTTTTTTTTTTTTTTTVN,15
D2,ACGACGCTCTTCCGATCTNNNNNNNNCGCCGAGGCGTTTTTTTTTTTTTTTTTTTTTTTTTTTTTTVN,15
D3,ACGACGCTCTTCCGATCTNNNNNNNNTGCAGATCCATTTTTTTTTTTTTTTTTTTTTTTTTTTTTTVN,15
D4,ACGACGCTCTTCCGATCTNNNNNNNNTGGTATAGACTTTTTTTTTTTTTTTTTTTTTTTTTTTTTTVN,15
D5,ACGACGCTCTTCCGATCTNNNNNNNNGGATGGATAATTTTTTTTTTTTTTTTTTTTTTTTTTTTTTVN,15
D6,ACGACGCTCTTCCGATCTNNNNNNNNTGGCGGTCCATTTTTTTTTTTTTTTTTTTTTTTTTTTTTTVN,15
D7,ACGACGCTCTTCCGATCTNNNNNNNNAGCGGCGAGTTTTTTTTTTTTTTTTTTTTTTTTTTTTTTTVN,15
D8,ACGACGCTCTTCCGATCTNNNNNNNNATCAATGCTATTTTTTTTTTTTTTTTTTTTTTTTTTTTTTVN,15
D9,ACGACGCTCTTCCGATCTNNNNNNNNGGTCGATGACTTTTTTTTTTTTTTTTTTTTTTTTTTTTTTVN,15
D10,ACGACGCTCTTCCGATCTNNNNNNNNGGAGTTATACTTTTTTTTTTTTTTTTTTTTTTTTTTTTTTVN,15
D11,ACGACGCTCTTCCGATCTNNNNNNNNGGACTCGCCGTTTTTTTTTTTTTTTTTTTTTTTTTTTTTTVN,15
D12,ACGACGCTCTTCCGATCTNNNNNNNNCAGTCAGGCTTTTTTTTTTTTTTTTTTTTTTTTTTTTTTTVN,15
E1,ACGACGCTCTTCCGATCTNNNNNNNNAGAGGCTCGTTTTTTTTTTTTTTTTTTTTTTTTTTTTTTTVN,15
E2,ACGACGCTCTTCCGATCTNNNNNNNNCCTCCTTCATTTTTTTTTTTTTTTTTTTTTTTTTTTTTTTVN,15
E3,ACGACGCTCTTCCGATCTNNNNNNNNGGCGGAAGCATTTTTTTTTTTTTTTTTTTTTTTTTTTTTTVN,15
E4,ACGACGCTCTTCCGATCTNNNNNNNNACTCGCGCATTTTTTTTTTTTTTTTTTTTTTTTTTTTTTTVN,15
E5,ACGACGCTCTTCCGATCTNNNNNNNNTCAACTCATATTTTTTTTTTTTTTTTTTTTTTTTTTTTTTVN,15
E6,ACGACGCTCTTCCGATCTNNNNNNNNACCGAGCCATTTTTTTTTTTTTTTTTTTTTTTTTTTTTTTVN,15
E7,ACGACGCTCTTCCGATCTNNNNNNNNTTCAGCCAGCTTTTTTTTTTTTTTTTTTTTTTTTTTTTTTVN,15
E8,ACGACGCTCTTCCGATCTNNNNNNNNTCCAATCCAGTTTTTTTTTTTTTTTTTTTTTTTTTTTTTTVN,15
E9,ACGACGCTCTTCCGATCTNNNNNNNNCCATGCCAACTTTTTTTTTTTTTTTTTTTTTTTTTTTTTTVN,15
E10,ACGACGCTCTTCCGATCTNNNNNNNNCCAGCATTCTTTTTTTTTTTTTTTTTTTTTTTTTTTTTTTVN,15
E11,ACGACGCTCTTCCGATCTNNNNNNNNGGATCTCTCCTTTTTTTTTTTTTTTTTTTTTTTTTTTTTTVN,15
E12,ACGACGCTCTTCCGATCTNNNNNNNNATTAGTTGACTTTTTTTTTTTTTTTTTTTTTTTTTTTTTTVN,15
F1,ACGACGCTCTTCCGATCTNNNNNNNNGGTTGGTACCTTTTTTTTTTTTTTTTTTTTTTTTTTTTTTVN,15
F2,ACGACGCTCTTCCGATCTNNNNNNNNTGCTTGCCGTTTTTTTTTTTTTTTTTTTTTTTTTTTTTTTVN,15
F3,ACGACGCTCTTCCGATCTNNNNNNNNAGTAATCCGGTTTTTTTTTTTTTTTTTTTTTTTTTTTTTTVN,15
F4,ACGACGCTCTTCCGATCTNNNNNNNNCCGAACCTTCTTTTTTTTTTTTTTTTTTTTTTTTTTTTTTVN,15
F5,ACGACGCTCTTCCGATCTNNNNNNNNGTAACTTACTTTTTTTTTTTTTTTTTTTTTTTTTTTTTTTVN,15
F6,ACGACGCTCTTCCGATCTNNNNNNNNCCGCTAGGCCTTTTTTTTTTTTTTTTTTTTTTTTTTTTTTVN,15
F7,ACGACGCTCTTCCGATCTNNNNNNNNACTCATCAGTTTTTTTTTTTTTTTTTTTTTTTTTTTTTTTVN,15
F8,ACGACGCTCTTCCGATCTNNNNNNNNCTCTGACCGCTTTTTTTTTTTTTTTTTTTTTTTTTTTTTTVN,15
F9,ACGACGCTCTTCCGATCTNNNNNNNNTTCATACCTATTTTTTTTTTTTTTTTTTTTTTTTTTTTTTVN,15
F10,ACGACGCTCTTCCGATCTNNNNNNNNGCCTTGCCTCTTTTTTTTTTTTTTTTTTTTTTTTTTTTTTVN,15
F11,ACGACGCTCTTCCGATCTNNNNNNNNGACGTTCGAATTTTTTTTTTTTTTTTTTTTTTTTTTTTTTVN,15
F12,ACGACGCTCTTCCGATCTNNNNNNNNTCGGCAGGACTTTTTTTTTTTTTTTTTTTTTTTTTTTTTTVN,15
G1,ACGACGCTCTTCCGATCTNNNNNNNNATATCGCCTATTTTTTTTTTTTTTTTTTTTTTTTTTTTTTVN,15
G2,ACGACGCTCTTCCGATCTNNNNNNNNTTAGAGGTTCTTTTTTTTTTTTTTTTTTTTTTTTTTTTTTVN,15
G3,ACGACGCTCTTCCGATCTNNNNNNNNTAGGCGTTCCTTTTTTTTTTTTTTTTTTTTTTTTTTTTTTVN,15
G4,ACGACGCTCTTCCGATCTNNNNNNNNCGCTAATACCTTTTTTTTTTTTTTTTTTTTTTTTTTTTTTVN,15
G5,ACGACGCTCTTCCGATCTNNNNNNNNCGCGCTTGCATTTTTTTTTTTTTTTTTTTTTTTTTTTTTTVN,15
G6,ACGACGCTCTTCCGATCTNNNNNNNNATTCAGTTGGTTTTTTTTTTTTTTTTTTTTTTTTTTTTTTVN,15
G7,ACGACGCTCTTCCGATCTNNNNNNNNTATATATGCCTTTTTTTTTTTTTTTTTTTTTTTTTTTTTTVN,15
G8,ACGACGCTCTTCCGATCTNNNNNNNNGTCCTCGGCTTTTTTTTTTTTTTTTTTTTTTTTTTTTTTTVN,15
G9,ACGACGCTCTTCCGATCTNNNNNNNNTCAGAGCATTTTTTTTTTTTTTTTTTTTTTTTTTTTTTTTVN,15
G10,ACGACGCTCTTCCGATCTNNNNNNNNACTTCAATACTTTTTTTTTTTTTTTTTTTTTTTTTTTTTTVN,15
G11,ACGACGCTCTTCCGATCTNNNNNNNNAAGTCATTAATTTTTTTTTTTTTTTTTTTTTTTTTTTTTTVN,15
G12,ACGACGCTCTTCCGATCTNNNNNNNNATCGAGATACTTTTTTTTTTTTTTTTTTTTTTTTTTTTTTVN,15
H1,ACGACGCTCTTCCGATCTNNNNNNNNTGGAACGGCTTTTTTTTTTTTTTTTTTTTTTTTTTTTTTTVN,15
H2,ACGACGCTCTTCCGATCTNNNNNNNNAGTATCGTACTTTTTTTTTTTTTTTTTTTTTTTTTTTTTTVN,15
H3,ACGACGCTCTTCCGATCTNNNNNNNNTTCTAACCATTTTTTTTTTTTTTTTTTTTTTTTTTTTTTTVN,15
H4,ACGACGCTCTTCCGATCTNNNNNNNNTTCGCCAAGGTTTTTTTTTTTTTTTTTTTTTTTTTTTTTTVN,15
H5,ACGACGCTCTTCCGATCTNNNNNNNNTAGTAGCCAATTTTTTTTTTTTTTTTTTTTTTTTTTTTTTVN,15
H6,ACGACGCTCTTCCGATCTNNNNNNNNGGTCCTCCGGTTTTTTTTTTTTTTTTTTTTTTTTTTTTTTVN,15
H7,ACGACGCTCTTCCGATCTNNNNNNNNCCAACTCTCTTTTTTTTTTTTTTTTTTTTTTTTTTTTTTTVN,15
H8,ACGACGCTCTTCCGATCTNNNNNNNNAATGGCGTAATTTTTTTTTTTTTTTTTTTTTTTTTTTTTTVN,15
H9,ACGACGCTCTTCCGATCTNNNNNNNNCGCGGCATATTTTTTTTTTTTTTTTTTTTTTTTTTTTTTTVN,15
H10,ACGACGCTCTTCCGATCTNNNNNNNNACTATCCAGGTTTTTTTTTTTTTTTTTTTTTTTTTTTTTTVN,15
H11,ACGACGCTCTTCCGATCTNNNNNNNNATTACGCCTCTTTTTTTTTTTTTTTTTTTTTTTTTTTTTTVN,15
H12,ACGACGCTCTTCCGATCTNNNNNNNNGCCTCCGTCGTTTTTTTTTTTTTTTTTTTTTTTTTTTTTTVN,15
A1,ACGACGCTCTTCCGATCTNNNNNNNNTTCGACTTATTTTTTTTTTTTTTTTTTTTTTTTTTTTTTTVN,16
A2,ACGACGCTCTTCCGATCTNNNNNNNNAAGACCTCGATTTTTTTTTTTTTTTTTTTTTTTTTTTTTTVN,16
A3,ACGACGCTCTTCCGATCTNNNNNNNNTCCAGTCTGATTTTTTTTTTTTTTTTTTTTTTTTTTTTTTVN,16
A4,ACGACGCTCTTCCGATCTNNNNNNNNCATAATCGACTTTTTTTTTTTTTTTTTTTTTTTTTTTTTTVN,16
A5,ACGACGCTCTTCCGATCTNNNNNNNNGCTGGTCCTGTTTTTTTTTTTTTTTTTTTTTTTTTTTTTTVN,16
A6,ACGACGCTCTTCCGATCTNNNNNNNNTCGCCTGCGCTTTTTTTTTTTTTTTTTTTTTTTTTTTTTTVN,16
A7,ACGACGCTCTTCCGATCTNNNNNNNNCTTAGCTAACTTTTTTTTTTTTTTTTTTTTTTTTTTTTTTVN,16
A8,ACGACGCTCTTCCGATCTNNNNNNNNGAGATGGTAGTTTTTTTTTTTTTTTTTTTTTTTTTTTTTTVN,16
A9,ACGACGCTCTTCCGATCTNNNNNNNNAGGAAGTAAGTTTTTTTTTTTTTTTTTTTTTTTTTTTTTTVN,16
A10,ACGACGCTCTTCCGATCTNNNNNNNNAGTAGAAGTCTTTTTTTTTTTTTTTTTTTTTTTTTTTTTTVN,16
A11,ACGACGCTCTTCCGATCTNNNNNNNNTCAGCGGTTATTTTTTTTTTTTTTTTTTTTTTTTTTTTTTVN,16
A12,ACGACGCTCTTCCGATCTNNNNNNNNTATTGGCAAGTTTTTTTTTTTTTTTTTTTTTTTTTTTTTTVN,16
B1,ACGACGCTCTTCCGATCTNNNNNNNNGCAATACTATTTTTTTTTTTTTTTTTTTTTTTTTTTTTTTVN,16
B2,ACGACGCTCTTCCGATCTNNNNNNNNTTGACCGCGGTTTTTTTTTTTTTTTTTTTTTTTTTTTTTTVN,16
B3,ACGACGCTCTTCCGATCTNNNNNNNNTTCAGGAGATTTTTTTTTTTTTTTTTTTTTTTTTTTTTTTVN,16
B4,ACGACGCTCTTCCGATCTNNNNNNNNTACCGGTCCGTTTTTTTTTTTTTTTTTTTTTTTTTTTTTTVN,16
B5,ACGACGCTCTTCCGATCTNNNNNNNNGGACGGTTATTTTTTTTTTTTTTTTTTTTTTTTTTTTTTTVN,16
B6,ACGACGCTCTTCCGATCTNNNNNNNNTTAATCAGAATTTTTTTTTTTTTTTTTTTTTTTTTTTTTTVN,16
B7,ACGACGCTCTTCCGATCTNNNNNNNNGAACGTAGGCTTTTTTTTTTTTTTTTTTTTTTTTTTTTTTVN,16
B8,ACGACGCTCTTCCGATCTNNNNNNNNGGTATCAATGTTTTTTTTTTTTTTTTTTTTTTTTTTTTTTVN,16
B9,ACGACGCTCTTCCGATCTNNNNNNNNCAGAAGACTTTTTTTTTTTTTTTTTTTTTTTTTTTTTTTTVN,16
B10,ACGACGCTCTTCCGATCTNNNNNNNNGTCAATAACTTTTTTTTTTTTTTTTTTTTTTTTTTTTTTTVN,16
B11,ACGACGCTCTTCCGATCTNNNNNNNNCGTTACTAATTTTTTTTTTTTTTTTTTTTTTTTTTTTTTTVN,16
B12,ACGACGCTCTTCCGATCTNNNNNNNNCGAATATGACTTTTTTTTTTTTTTTTTTTTTTTTTTTTTTVN,16
C1,ACGACGCTCTTCCGATCTNNNNNNNNTCCGAAGTCGTTTTTTTTTTTTTTTTTTTTTTTTTTTTTTVN,16
C2,ACGACGCTCTTCCGATCTNNNNNNNNTCCTACGATATTTTTTTTTTTTTTTTTTTTTTTTTTTTTTVN,16
C3,ACGACGCTCTTCCGATCTNNNNNNNNGTTGAGCGGTTTTTTTTTTTTTTTTTTTTTTTTTTTTTTTVN,16
C4,ACGACGCTCTTCCGATCTNNNNNNNNCAACGCAGCTTTTTTTTTTTTTTTTTTTTTTTTTTTTTTTVN,16
C5,ACGACGCTCTTCCGATCTNNNNNNNNACCAATAATATTTTTTTTTTTTTTTTTTTTTTTTTTTTTTVN,16
C6,ACGACGCTCTTCCGATCTNNNNNNNNATCGCATAGCTTTTTTTTTTTTTTTTTTTTTTTTTTTTTTVN,16
C7,ACGACGCTCTTCCGATCTNNNNNNNNTCGAAGCCTATTTTTTTTTTTTTTTTTTTTTTTTTTTTTTVN,16
C8,ACGACGCTCTTCCGATCTNNNNNNNNAGCAGATACGTTTTTTTTTTTTTTTTTTTTTTTTTTTTTTVN,16
C9,ACGACGCTCTTCCGATCTNNNNNNNNTCCTCAACCATTTTTTTTTTTTTTTTTTTTTTTTTTTTTTVN,16
C10,ACGACGCTCTTCCGATCTNNNNNNNNAAGTTGGAACTTTTTTTTTTTTTTTTTTTTTTTTTTTTTTVN,16
C11,ACGACGCTCTTCCGATCTNNNNNNNNTGACGCCATGTTTTTTTTTTTTTTTTTTTTTTTTTTTTTTVN,16
C12,ACGACGCTCTTCCGATCTNNNNNNNNAAGCAACGACTTTTTTTTTTTTTTTTTTTTTTTTTTTTTTVN,16
D1,ACGACGCTCTTCCGATCTNNNNNNNNGTAGTATAATTTTTTTTTTTTTTTTTTTTTTTTTTTTTTTVN,16
D2,ACGACGCTCTTCCGATCTNNNNNNNNCAACTATTCGTTTTTTTTTTTTTTTTTTTTTTTTTTTTTTVN,16
D3,ACGACGCTCTTCCGATCTNNNNNNNNGTCCATTACCTTTTTTTTTTTTTTTTTTTTTTTTTTTTTTVN,16
D4,ACGACGCTCTTCCGATCTNNNNNNNNAATGGACTCCTTTTTTTTTTTTTTTTTTTTTTTTTTTTTTVN,16
D5,ACGACGCTCTTCCGATCTNNNNNNNNACCGTTCATCTTTTTTTTTTTTTTTTTTTTTTTTTTTTTTVN,16
D6,ACGACGCTCTTCCGATCTNNNNNNNNATAAGACCGCTTTTTTTTTTTTTTTTTTTTTTTTTTTTTTVN,16
D7,ACGACGCTCTTCCGATCTNNNNNNNNGCATTCGGAGTTTTTTTTTTTTTTTTTTTTTTTTTTTTTTVN,16
D8,ACGACGCTCTTCCGATCTNNNNNNNNCAAGTTCTCATTTTTTTTTTTTTTTTTTTTTTTTTTTTTTVN,16
D9,ACGACGCTCTTCCGATCTNNNNNNNNTGGTCGGAGTTTTTTTTTTTTTTTTTTTTTTTTTTTTTTTVN,16
D10,ACGACGCTCTTCCGATCTNNNNNNNNAAGAGGATTATTTTTTTTTTTTTTTTTTTTTTTTTTTTTTVN,16
D11,ACGACGCTCTTCCGATCTNNNNNNNNGACCATACTGTTTTTTTTTTTTTTTTTTTTTTTTTTTTTTVN,16
D12,ACGACGCTCTTCCGATCTNNNNNNNNGAGGAGACGTTTTTTTTTTTTTTTTTTTTTTTTTTTTTTTVN,16
E1,ACGACGCTCTTCCGATCTNNNNNNNNCCGCCTGGAGTTTTTTTTTTTTTTTTTTTTTTTTTTTTTTVN,16
E2,ACGACGCTCTTCCGATCTNNNNNNNNGAGGAATCTTTTTTTTTTTTTTTTTTTTTTTTTTTTTTTTVN,16
E3,ACGACGCTCTTCCGATCTNNNNNNNNGCCTTCGAGATTTTTTTTTTTTTTTTTTTTTTTTTTTTTTVN,16
E4,ACGACGCTCTTCCGATCTNNNNNNNNCGAGACTAGTTTTTTTTTTTTTTTTTTTTTTTTTTTTTTTVN,16
E5,ACGACGCTCTTCCGATCTNNNNNNNNGAGAGCTGGATTTTTTTTTTTTTTTTTTTTTTTTTTTTTTVN,16
E6,ACGACGCTCTTCCGATCTNNNNNNNNTTGCAGGTTATTTTTTTTTTTTTTTTTTTTTTTTTTTTTTVN,16
E7,ACGACGCTCTTCCGATCTNNNNNNNNACGTCAGAACTTTTTTTTTTTTTTTTTTTTTTTTTTTTTTVN,16
E8,ACGACGCTCTTCCGATCTNNNNNNNNCCGACCTTGGTTTTTTTTTTTTTTTTTTTTTTTTTTTTTTVN,16
E9,ACGACGCTCTTCCGATCTNNNNNNNNCTAAGTAACGTTTTTTTTTTTTTTTTTTTTTTTTTTTTTTVN,16
E10,ACGACGCTCTTCCGATCTNNNNNNNNGTCCATGCCGTTTTTTTTTTTTTTTTTTTTTTTTTTTTTTVN,16
E11,ACGACGCTCTTCCGATCTNNNNNNNNAAGCGCAGACTTTTTTTTTTTTTTTTTTTTTTTTTTTTTTVN,16
E12,ACGACGCTCTTCCGATCTNNNNNNNNTCATAATTCATTTTTTTTTTTTTTTTTTTTTTTTTTTTTTVN,16
F1,ACGACGCTCTTCCGATCTNNNNNNNNTTACCGGCTTTTTTTTTTTTTTTTTTTTTTTTTTTTTTTTVN,16
F2,ACGACGCTCTTCCGATCTNNNNNNNNAATTAATGCGTTTTTTTTTTTTTTTTTTTTTTTTTTTTTTVN,16
F3,ACGACGCTCTTCCGATCTNNNNNNNNACGGTCGGCCTTTTTTTTTTTTTTTTTTTTTTTTTTTTTTVN,16
F4,ACGACGCTCTTCCGATCTNNNNNNNNCTACTTCGCTTTTTTTTTTTTTTTTTTTTTTTTTTTTTTTVN,16
F5,ACGACGCTCTTCCGATCTNNNNNNNNAAGTATGGCCTTTTTTTTTTTTTTTTTTTTTTTTTTTTTTVN,16
F6,ACGACGCTCTTCCGATCTNNNNNNNNGTTAACTCTCTTTTTTTTTTTTTTTTTTTTTTTTTTTTTTVN,16
F7,ACGACGCTCTTCCGATCTNNNNNNNNGGTCGCCAACTTTTTTTTTTTTTTTTTTTTTTTTTTTTTTVN,16
F8,ACGACGCTCTTCCGATCTNNNNNNNNGGTATAACCTTTTTTTTTTTTTTTTTTTTTTTTTTTTTTTVN,16
F9,ACGACGCTCTTCCGATCTNNNNNNNNAACTATAGAATTTTTTTTTTTTTTTTTTTTTTTTTTTTTTVN,16
F10,ACGACGCTCTTCCGATCTNNNNNNNNGTCAGACCTCTTTTTTTTTTTTTTTTTTTTTTTTTTTTTTVN,16
F11,ACGACGCTCTTCCGATCTNNNNNNNNCTTCATTCTCTTTTTTTTTTTTTTTTTTTTTTTTTTTTTTVN,16
F12,ACGACGCTCTTCCGATCTNNNNNNNNTACTGCGGACTTTTTTTTTTTTTTTTTTTTTTTTTTTTTTVN,16
G1,ACGACGCTCTTCCGATCTNNNNNNNNGGTTAACCAATTTTTTTTTTTTTTTTTTTTTTTTTTTTTTVN,16
G2,ACGACGCTCTTCCGATCTNNNNNNNNCCGGCCATAATTTTTTTTTTTTTTTTTTTTTTTTTTTTTTVN,16
G3,ACGACGCTCTTCCGATCTNNNNNNNNATGAAGTCTGTTTTTTTTTTTTTTTTTTTTTTTTTTTTTTVN,16
G4,ACGACGCTCTTCCGATCTNNNNNNNNCTCCAGCGACTTTTTTTTTTTTTTTTTTTTTTTTTTTTTTVN,16
G5,ACGACGCTCTTCCGATCTNNNNNNNNACCTTCTCGATTTTTTTTTTTTTTTTTTTTTTTTTTTTTTVN,16
G6,ACGACGCTCTTCCGATCTNNNNNNNNGGTACGCCGATTTTTTTTTTTTTTTTTTTTTTTTTTTTTTVN,16
G7,ACGACGCTCTTCCGATCTNNNNNNNNCCAGGCGTTGTTTTTTTTTTTTTTTTTTTTTTTTTTTTTTVN,16
G8,ACGACGCTCTTCCGATCTNNNNNNNNGAATGGCAGCTTTTTTTTTTTTTTTTTTTTTTTTTTTTTTVN,16
G9,ACGACGCTCTTCCGATCTNNNNNNNNTTACGAACTTTTTTTTTTTTTTTTTTTTTTTTTTTTTTTTVN,16
G10,ACGACGCTCTTCCGATCTNNNNNNNNCTGAGCATGATTTTTTTTTTTTTTTTTTTTTTTTTTTTTTVN,16
G11,ACGACGCTCTTCCGATCTNNNNNNNNATGAGAGATATTTTTTTTTTTTTTTTTTTTTTTTTTTTTTVN,16
G12,ACGACGCTCTTCCGATCTNNNNNNNNACCAAGCCTCTTTTTTTTTTTTTTTTTTTTTTTTTTTTTTVN,16
H1,ACGACGCTCTTCCGATCTNNNNNNNNCCATATTGGTTTTTTTTTTTTTTTTTTTTTTTTTTTTTTTVN,16
H2,ACGACGCTCTTCCGATCTNNNNNNNNGCTCAGTTCCTTTTTTTTTTTTTTTTTTTTTTTTTTTTTTVN,16
H3,ACGACGCTCTTCCGATCTNNNNNNNNGCAGTTCGGCTTTTTTTTTTTTTTTTTTTTTTTTTTTTTTVN,16
H4,ACGACGCTCTTCCGATCTNNNNNNNNGTCCGTATTATTTTTTTTTTTTTTTTTTTTTTTTTTTTTTVN,16
H5,ACGACGCTCTTCCGATCTNNNNNNNNCCGTATATCCTTTTTTTTTTTTTTTTTTTTTTTTTTTTTTVN,16
H6,ACGACGCTCTTCCGATCTNNNNNNNNAAGAGAGTAATTTTTTTTTTTTTTTTTTTTTTTTTTTTTTVN,16
H7,ACGACGCTCTTCCGATCTNNNNNNNNTGGCGTTGCGTTTTTTTTTTTTTTTTTTTTTTTTTTTTTTVN,16
H8,ACGACGCTCTTCCGATCTNNNNNNNNTGCCTTATACTTTTTTTTTTTTTTTTTTTTTTTTTTTTTTVN,16
H9,ACGACGCTCTTCCGATCTNNNNNNNNGGAATTATCTTTTTTTTTTTTTTTTTTTTTTTTTTTTTTTVN,16
H10,ACGACGCTCTTCCGATCTNNNNNNNNCCTTCATGCGTTTTTTTTTTTTTTTTTTTTTTTTTTTTTTVN,16
H11,ACGACGCTCTTCCGATCTNNNNNNNNCAATCCTCCATTTTTTTTTTTTTTTTTTTTTTTTTTTTTTVN,16
H12,ACGACGCTCTTCCGATCTNNNNNNNNTAGGAATGGTTTTTTTTTTTTTTTTTTTTTTTTTTTTTTTVN,16